tag,init_file,output_dir,case_region,n_pores_requested,n_pores_effective,k_spacing,depth_ratio,width,height
000,/home/fiorello/init_files_grid/000.dat,/scratch/fiorello/mesoEvo_install_seq/dataset_pores_grid/000,intermediate,1,1,2.0,8.0,0.1045,0.6459999999999999
001,/home/fiorello/init_files_grid/001.dat,/scratch/fiorello/mesoEvo_install_seq/dataset_pores_grid/001,intermediate,1,1,2.0,9.0,0.1045,0.7505
002,/home/fiorello/init_files_grid/002.dat,/scratch/fiorello/mesoEvo_install_seq/dataset_pores_grid/002,intermediate,1,1,2.0,10.0,0.1045,0.855
003,/home/fiorello/init_files_grid/003.dat,/scratch/fiorello/mesoEvo_install_seq/dataset_pores_grid/003,intermediate,1,1,2.0,11.0,0.1045,0.9595
004,/home/fiorello/init_files_grid/004.dat,/scratch/fiorello/mesoEvo_install_seq/dataset_pores_grid/004,intermediate,1,1,2.0,12.0,0.1045,1.064
005,/home/fiorello/init_files_grid/005.dat,/scratch/fiorello/mesoEvo_install_seq/dataset_pores_grid/005,intermediate,1,1,2.0,13.0,0.1045,1.1685
006,/home/fiorello/init_files_grid/006.dat,/scratch/fiorello/mesoEvo_install_seq/dataset_pores_grid/006,intermediate,1,1,2.2727272727272725,8.0,0.1045,0.6459999999999999
007,/home/fiorello/init_files_grid/007.dat,/scratch/fiorello/mesoEvo_install_seq/dataset_pores_grid/007,intermediate,1,1,2.2727272727272725,9.0,0.1045,0.7505
008,/home/fiorello/init_files_grid/008.dat,/scratch/fiorello/mesoEvo_install_seq/dataset_pores_grid/008,intermediate,1,1,2.2727272727272725,10.0,0.1045,0.855
009,/home/fiorello/init_files_grid/009.dat,/scratch/fiorello/mesoEvo_install_seq/dataset_pores_grid/009,intermediate,1,1,2.2727272727272725,11.0,0.1045,0.9595
010,/home/fiorello/init_files_grid/010.dat,/scratch/fiorello/mesoEvo_install_seq/dataset_pores_grid/010,intermediate,1,1,2.2727272727272725,12.0,0.1045,1.064
011,/home/fiorello/init_files_grid/011.dat,/scratch/fiorello/mesoEvo_install_seq/dataset_pores_grid/011,intermediate,1,1,2.2727272727272725,13.0,0.1045,1.1685
012,/home/fiorello/init_files_grid/012.dat,/scratch/fiorello/mesoEvo_install_seq/dataset_pores_grid/012,intermediate,1,1,2.5454545454545454,8.0,0.1045,0.6459999999999999
013,/home/fiorello/init_files_grid/013.dat,/scratch/fiorello/mesoEvo_install_seq/dataset_pores_grid/013,intermediate,1,1,2.5454545454545454,9.0,0.1045,0.7505
014,/home/fiorello/init_files_grid/014.dat,/scratch/fiorello/mesoEvo_install_seq/dataset_pores_grid/014,intermediate,1,1,2.5454545454545454,10.0,0.1045,0.855
015,/home/fiorello/init_files_grid/015.dat,/scratch/fiorello/mesoEvo_install_seq/dataset_pores_grid/015,intermediate,1,1,2.5454545454545454,11.0,0.1045,0.9595
016,/home/fiorello/init_files_grid/016.dat,/scratch/fiorello/mesoEvo_install_seq/dataset_pores_grid/016,intermediate,1,1,2.5454545454545454,12.0,0.1045,1.064
017,/home/fiorello/init_files_grid/017.dat,/scratch/fiorello/mesoEvo_install_seq/dataset_pores_grid/017,intermediate,1,1,2.5454545454545454,13.0,0.1045,1.1685
018,/home/fiorello/init_files_grid/018.dat,/scratch/fiorello/mesoEvo_install_seq/dataset_pores_grid/018,intermediate,1,1,2.8181818181818183,8.0,0.1045,0.6459999999999999
019,/home/fiorello/init_files_grid/019.dat,/scratch/fiorello/mesoEvo_install_seq/dataset_pores_grid/019,intermediate,1,1,2.8181818181818183,9.0,0.1045,0.7505
020,/home/fiorello/init_files_grid/020.dat,/scratch/fiorello/mesoEvo_install_seq/dataset_pores_grid/020,intermediate,1,1,2.8181818181818183,10.0,0.1045,0.855
021,/home/fiorello/init_files_grid/021.dat,/scratch/fiorello/mesoEvo_install_seq/dataset_pores_grid/021,intermediate,1,1,2.8181818181818183,11.0,0.1045,0.9595
022,/home/fiorello/init_files_grid/022.dat,/scratch/fiorello/mesoEvo_install_seq/dataset_pores_grid/022,intermediate,1,1,2.8181818181818183,12.0,0.1045,1.064
023,/home/fiorello/init_files_grid/023.dat,/scratch/fiorello/mesoEvo_install_seq/dataset_pores_grid/023,intermediate,1,1,2.8181818181818183,13.0,0.1045,1.1685
024,/home/fiorello/init_files_grid/024.dat,/scratch/fiorello/mesoEvo_install_seq/dataset_pores_grid/024,intermediate,1,1,3.090909090909091,8.0,0.1045,0.6459999999999999
025,/home/fiorello/init_files_grid/025.dat,/scratch/fiorello/mesoEvo_install_seq/dataset_pores_grid/025,intermediate,1,1,3.090909090909091,9.0,0.1045,0.7505
026,/home/fiorello/init_files_grid/026.dat,/scratch/fiorello/mesoEvo_install_seq/dataset_pores_grid/026,intermediate,1,1,3.090909090909091,10.0,0.1045,0.855
027,/home/fiorello/init_files_grid/027.dat,/scratch/fiorello/mesoEvo_install_seq/dataset_pores_grid/027,intermediate,1,1,3.090909090909091,11.0,0.1045,0.9595
028,/home/fiorello/init_files_grid/028.dat,/scratch/fiorello/mesoEvo_install_seq/dataset_pores_grid/028,intermediate,1,1,3.090909090909091,12.0,0.1045,1.064
029,/home/fiorello/init_files_grid/029.dat,/scratch/fiorello/mesoEvo_install_seq/dataset_pores_grid/029,intermediate,1,1,3.090909090909091,13.0,0.1045,1.1685
030,/home/fiorello/init_files_grid/030.dat,/scratch/fiorello/mesoEvo_install_seq/dataset_pores_grid/030,intermediate,1,1,3.3636363636363633,8.0,0.1045,0.6459999999999999
031,/home/fiorello/init_files_grid/031.dat,/scratch/fiorello/mesoEvo_install_seq/dataset_pores_grid/031,intermediate,1,1,3.3636363636363633,9.0,0.1045,0.7505
032,/home/fiorello/init_files_grid/032.dat,/scratch/fiorello/mesoEvo_install_seq/dataset_pores_grid/032,intermediate,1,1,3.3636363636363633,10.0,0.1045,0.855
033,/home/fiorello/init_files_grid/033.dat,/scratch/fiorello/mesoEvo_install_seq/dataset_pores_grid/033,intermediate,1,1,3.3636363636363633,11.0,0.1045,0.9595
034,/home/fiorello/init_files_grid/034.dat,/scratch/fiorello/mesoEvo_install_seq/dataset_pores_grid/034,intermediate,1,1,3.3636363636363633,12.0,0.1045,1.064
035,/home/fiorello/init_files_grid/035.dat,/scratch/fiorello/mesoEvo_install_seq/dataset_pores_grid/035,intermediate,1,1,3.3636363636363633,13.0,0.1045,1.1685
036,/home/fiorello/init_files_grid/036.dat,/scratch/fiorello/mesoEvo_install_seq/dataset_pores_grid/036,intermediate,1,1,3.6363636363636362,8.0,0.1045,0.6459999999999999
037,/home/fiorello/init_files_grid/037.dat,/scratch/fiorello/mesoEvo_install_seq/dataset_pores_grid/037,intermediate,1,1,3.6363636363636362,9.0,0.1045,0.7505
038,/home/fiorello/init_files_grid/038.dat,/scratch/fiorello/mesoEvo_install_seq/dataset_pores_grid/038,intermediate,1,1,3.6363636363636362,10.0,0.1045,0.855
039,/home/fiorello/init_files_grid/039.dat,/scratch/fiorello/mesoEvo_install_seq/dataset_pores_grid/039,intermediate,1,1,3.6363636363636362,11.0,0.1045,0.9595
040,/home/fiorello/init_files_grid/040.dat,/scratch/fiorello/mesoEvo_install_seq/dataset_pores_grid/040,intermediate,1,1,3.6363636363636362,12.0,0.1045,1.064
041,/home/fiorello/init_files_grid/041.dat,/scratch/fiorello/mesoEvo_install_seq/dataset_pores_grid/041,intermediate,1,1,3.6363636363636362,13.0,0.1045,1.1685
042,/home/fiorello/init_files_grid/042.dat,/scratch/fiorello/mesoEvo_install_seq/dataset_pores_grid/042,intermediate,1,1,3.909090909090909,8.0,0.1045,0.6459999999999999
043,/home/fiorello/init_files_grid/043.dat,/scratch/fiorello/mesoEvo_install_seq/dataset_pores_grid/043,intermediate,1,1,3.909090909090909,9.0,0.1045,0.7505
044,/home/fiorello/init_files_grid/044.dat,/scratch/fiorello/mesoEvo_install_seq/dataset_pores_grid/044,intermediate,1,1,3.909090909090909,10.0,0.1045,0.855
045,/home/fiorello/init_files_grid/045.dat,/scratch/fiorello/mesoEvo_install_seq/dataset_pores_grid/045,intermediate,1,1,3.909090909090909,11.0,0.1045,0.9595
046,/home/fiorello/init_files_grid/046.dat,/scratch/fiorello/mesoEvo_install_seq/dataset_pores_grid/046,intermediate,1,1,3.909090909090909,12.0,0.1045,1.064
047,/home/fiorello/init_files_grid/047.dat,/scratch/fiorello/mesoEvo_install_seq/dataset_pores_grid/047,intermediate,1,1,3.909090909090909,13.0,0.1045,1.1685
048,/home/fiorello/init_files_grid/048.dat,/scratch/fiorello/mesoEvo_install_seq/dataset_pores_grid/048,intermediate,1,1,4.181818181818182,8.0,0.1045,0.6459999999999999
049,/home/fiorello/init_files_grid/049.dat,/scratch/fiorello/mesoEvo_install_seq/dataset_pores_grid/049,intermediate,1,1,4.181818181818182,9.0,0.1045,0.7505
050,/home/fiorello/init_files_grid/050.dat,/scratch/fiorello/mesoEvo_install_seq/dataset_pores_grid/050,intermediate,1,1,4.181818181818182,10.0,0.1045,0.855
051,/home/fiorello/init_files_grid/051.dat,/scratch/fiorello/mesoEvo_install_seq/dataset_pores_grid/051,intermediate,1,1,4.181818181818182,11.0,0.1045,0.9595
052,/home/fiorello/init_files_grid/052.dat,/scratch/fiorello/mesoEvo_install_seq/dataset_pores_grid/052,intermediate,1,1,4.181818181818182,12.0,0.1045,1.064
053,/home/fiorello/init_files_grid/053.dat,/scratch/fiorello/mesoEvo_install_seq/dataset_pores_grid/053,intermediate,1,1,4.181818181818182,13.0,0.1045,1.1685
054,/home/fiorello/init_files_grid/054.dat,/scratch/fiorello/mesoEvo_install_seq/dataset_pores_grid/054,intermediate,1,1,4.454545454545454,8.0,0.1045,0.6459999999999999
055,/home/fiorello/init_files_grid/055.dat,/scratch/fiorello/mesoEvo_install_seq/dataset_pores_grid/055,intermediate,1,1,4.454545454545454,9.0,0.1045,0.7505
056,/home/fiorello/init_files_grid/056.dat,/scratch/fiorello/mesoEvo_install_seq/dataset_pores_grid/056,intermediate,1,1,4.454545454545454,10.0,0.1045,0.855
057,/home/fiorello/init_files_grid/057.dat,/scratch/fiorello/mesoEvo_install_seq/dataset_pores_grid/057,intermediate,1,1,4.454545454545454,11.0,0.1045,0.9595
058,/home/fiorello/init_files_grid/058.dat,/scratch/fiorello/mesoEvo_install_seq/dataset_pores_grid/058,intermediate,1,1,4.454545454545454,12.0,0.1045,1.064
059,/home/fiorello/init_files_grid/059.dat,/scratch/fiorello/mesoEvo_install_seq/dataset_pores_grid/059,intermediate,1,1,4.454545454545454,13.0,0.1045,1.1685
060,/home/fiorello/init_files_grid/060.dat,/scratch/fiorello/mesoEvo_install_seq/dataset_pores_grid/060,intermediate,1,1,4.727272727272727,8.0,0.1045,0.6459999999999999
061,/home/fiorello/init_files_grid/061.dat,/scratch/fiorello/mesoEvo_install_seq/dataset_pores_grid/061,intermediate,1,1,4.727272727272727,9.0,0.1045,0.7505
062,/home/fiorello/init_files_grid/062.dat,/scratch/fiorello/mesoEvo_install_seq/dataset_pores_grid/062,intermediate,1,1,4.727272727272727,10.0,0.1045,0.855
063,/home/fiorello/init_files_grid/063.dat,/scratch/fiorello/mesoEvo_install_seq/dataset_pores_grid/063,intermediate,1,1,4.727272727272727,11.0,0.1045,0.9595
064,/home/fiorello/init_files_grid/064.dat,/scratch/fiorello/mesoEvo_install_seq/dataset_pores_grid/064,intermediate,1,1,4.727272727272727,12.0,0.1045,1.064
065,/home/fiorello/init_files_grid/065.dat,/scratch/fiorello/mesoEvo_install_seq/dataset_pores_grid/065,intermediate,1,1,4.727272727272727,13.0,0.1045,1.1685
066,/home/fiorello/init_files_grid/066.dat,/scratch/fiorello/mesoEvo_install_seq/dataset_pores_grid/066,intermediate,1,1,5.0,8.0,0.1045,0.6459999999999999
067,/home/fiorello/init_files_grid/067.dat,/scratch/fiorello/mesoEvo_install_seq/dataset_pores_grid/067,intermediate,1,1,5.0,9.0,0.1045,0.7505
068,/home/fiorello/init_files_grid/068.dat,/scratch/fiorello/mesoEvo_install_seq/dataset_pores_grid/068,intermediate,1,1,5.0,10.0,0.1045,0.855
069,/home/fiorello/init_files_grid/069.dat,/scratch/fiorello/mesoEvo_install_seq/dataset_pores_grid/069,intermediate,1,1,5.0,11.0,0.1045,0.9595
070,/home/fiorello/init_files_grid/070.dat,/scratch/fiorello/mesoEvo_install_seq/dataset_pores_grid/070,intermediate,1,1,5.0,12.0,0.1045,1.064
071,/home/fiorello/init_files_grid/071.dat,/scratch/fiorello/mesoEvo_install_seq/dataset_pores_grid/071,intermediate,1,1,5.0,13.0,0.1045,1.1685
072,/home/fiorello/init_files_grid/072.dat,/scratch/fiorello/mesoEvo_install_seq/dataset_pores_grid/072,intermediate,2,2,2.0,8.0,0.1045,0.6459999999999999
073,/home/fiorello/init_files_grid/073.dat,/scratch/fiorello/mesoEvo_install_seq/dataset_pores_grid/073,intermediate,2,2,2.0,9.0,0.1045,0.7505
074,/home/fiorello/init_files_grid/074.dat,/scratch/fiorello/mesoEvo_install_seq/dataset_pores_grid/074,intermediate,2,2,2.0,10.0,0.1045,0.855
075,/home/fiorello/init_files_grid/075.dat,/scratch/fiorello/mesoEvo_install_seq/dataset_pores_grid/075,intermediate,2,2,2.0,11.0,0.1045,0.9595
076,/home/fiorello/init_files_grid/076.dat,/scratch/fiorello/mesoEvo_install_seq/dataset_pores_grid/076,intermediate,2,2,2.0,12.0,0.1045,1.064
077,/home/fiorello/init_files_grid/077.dat,/scratch/fiorello/mesoEvo_install_seq/dataset_pores_grid/077,intermediate,2,2,2.0,13.0,0.1045,1.1685
078,/home/fiorello/init_files_grid/078.dat,/scratch/fiorello/mesoEvo_install_seq/dataset_pores_grid/078,intermediate,2,2,2.2727272727272725,8.0,0.1045,0.6459999999999999
079,/home/fiorello/init_files_grid/079.dat,/scratch/fiorello/mesoEvo_install_seq/dataset_pores_grid/079,intermediate,2,2,2.2727272727272725,9.0,0.1045,0.7505
080,/home/fiorello/init_files_grid/080.dat,/scratch/fiorello/mesoEvo_install_seq/dataset_pores_grid/080,intermediate,2,2,2.2727272727272725,10.0,0.1045,0.855
081,/home/fiorello/init_files_grid/081.dat,/scratch/fiorello/mesoEvo_install_seq/dataset_pores_grid/081,intermediate,2,2,2.2727272727272725,11.0,0.1045,0.9595
082,/home/fiorello/init_files_grid/082.dat,/scratch/fiorello/mesoEvo_install_seq/dataset_pores_grid/082,intermediate,2,2,2.2727272727272725,12.0,0.1045,1.064
083,/home/fiorello/init_files_grid/083.dat,/scratch/fiorello/mesoEvo_install_seq/dataset_pores_grid/083,intermediate,2,2,2.2727272727272725,13.0,0.1045,1.1685
084,/home/fiorello/init_files_grid/084.dat,/scratch/fiorello/mesoEvo_install_seq/dataset_pores_grid/084,intermediate,2,2,2.5454545454545454,8.0,0.1045,0.6459999999999999
085,/home/fiorello/init_files_grid/085.dat,/scratch/fiorello/mesoEvo_install_seq/dataset_pores_grid/085,intermediate,2,2,2.5454545454545454,9.0,0.1045,0.7505
086,/home/fiorello/init_files_grid/086.dat,/scratch/fiorello/mesoEvo_install_seq/dataset_pores_grid/086,intermediate,2,2,2.5454545454545454,10.0,0.1045,0.855
087,/home/fiorello/init_files_grid/087.dat,/scratch/fiorello/mesoEvo_install_seq/dataset_pores_grid/087,intermediate,2,2,2.5454545454545454,11.0,0.1045,0.9595
088,/home/fiorello/init_files_grid/088.dat,/scratch/fiorello/mesoEvo_install_seq/dataset_pores_grid/088,intermediate,2,2,2.5454545454545454,12.0,0.1045,1.064
089,/home/fiorello/init_files_grid/089.dat,/scratch/fiorello/mesoEvo_install_seq/dataset_pores_grid/089,intermediate,2,2,2.5454545454545454,13.0,0.1045,1.1685
090,/home/fiorello/init_files_grid/090.dat,/scratch/fiorello/mesoEvo_install_seq/dataset_pores_grid/090,intermediate,2,2,2.8181818181818183,8.0,0.1045,0.6459999999999999
091,/home/fiorello/init_files_grid/091.dat,/scratch/fiorello/mesoEvo_install_seq/dataset_pores_grid/091,intermediate,2,2,2.8181818181818183,9.0,0.1045,0.7505
092,/home/fiorello/init_files_grid/092.dat,/scratch/fiorello/mesoEvo_install_seq/dataset_pores_grid/092,intermediate,2,2,2.8181818181818183,10.0,0.1045,0.855
093,/home/fiorello/init_files_grid/093.dat,/scratch/fiorello/mesoEvo_install_seq/dataset_pores_grid/093,intermediate,2,2,2.8181818181818183,11.0,0.1045,0.9595
094,/home/fiorello/init_files_grid/094.dat,/scratch/fiorello/mesoEvo_install_seq/dataset_pores_grid/094,intermediate,2,2,2.8181818181818183,12.0,0.1045,1.064
095,/home/fiorello/init_files_grid/095.dat,/scratch/fiorello/mesoEvo_install_seq/dataset_pores_grid/095,intermediate,2,2,2.8181818181818183,13.0,0.1045,1.1685
096,/home/fiorello/init_files_grid/096.dat,/scratch/fiorello/mesoEvo_install_seq/dataset_pores_grid/096,intermediate,2,2,3.090909090909091,8.0,0.1045,0.6459999999999999
097,/home/fiorello/init_files_grid/097.dat,/scratch/fiorello/mesoEvo_install_seq/dataset_pores_grid/097,intermediate,2,2,3.090909090909091,9.0,0.1045,0.7505
098,/home/fiorello/init_files_grid/098.dat,/scratch/fiorello/mesoEvo_install_seq/dataset_pores_grid/098,intermediate,2,2,3.090909090909091,10.0,0.1045,0.855
099,/home/fiorello/init_files_grid/099.dat,/scratch/fiorello/mesoEvo_install_seq/dataset_pores_grid/099,intermediate,2,2,3.090909090909091,11.0,0.1045,0.9595
100,/home/fiorello/init_files_grid/100.dat,/scratch/fiorello/mesoEvo_install_seq/dataset_pores_grid/100,intermediate,2,2,3.090909090909091,12.0,0.1045,1.064
101,/home/fiorello/init_files_grid/101.dat,/scratch/fiorello/mesoEvo_install_seq/dataset_pores_grid/101,intermediate,2,2,3.090909090909091,13.0,0.1045,1.1685
102,/home/fiorello/init_files_grid/102.dat,/scratch/fiorello/mesoEvo_install_seq/dataset_pores_grid/102,intermediate,2,2,3.3636363636363633,8.0,0.1045,0.6459999999999999
103,/home/fiorello/init_files_grid/103.dat,/scratch/fiorello/mesoEvo_install_seq/dataset_pores_grid/103,intermediate,2,2,3.3636363636363633,9.0,0.1045,0.7505
104,/home/fiorello/init_files_grid/104.dat,/scratch/fiorello/mesoEvo_install_seq/dataset_pores_grid/104,intermediate,2,2,3.3636363636363633,10.0,0.1045,0.855
105,/home/fiorello/init_files_grid/105.dat,/scratch/fiorello/mesoEvo_install_seq/dataset_pores_grid/105,intermediate,2,2,3.3636363636363633,11.0,0.1045,0.9595
106,/home/fiorello/init_files_grid/106.dat,/scratch/fiorello/mesoEvo_install_seq/dataset_pores_grid/106,intermediate,2,2,3.3636363636363633,12.0,0.1045,1.064
107,/home/fiorello/init_files_grid/107.dat,/scratch/fiorello/mesoEvo_install_seq/dataset_pores_grid/107,intermediate,2,2,3.3636363636363633,13.0,0.1045,1.1685
108,/home/fiorello/init_files_grid/108.dat,/scratch/fiorello/mesoEvo_install_seq/dataset_pores_grid/108,intermediate,2,2,3.6363636363636362,8.0,0.1045,0.6459999999999999
109,/home/fiorello/init_files_grid/109.dat,/scratch/fiorello/mesoEvo_install_seq/dataset_pores_grid/109,intermediate,2,2,3.6363636363636362,9.0,0.1045,0.7505
110,/home/fiorello/init_files_grid/110.dat,/scratch/fiorello/mesoEvo_install_seq/dataset_pores_grid/110,intermediate,2,2,3.6363636363636362,10.0,0.1045,0.855
111,/home/fiorello/init_files_grid/111.dat,/scratch/fiorello/mesoEvo_install_seq/dataset_pores_grid/111,intermediate,2,2,3.6363636363636362,11.0,0.1045,0.9595
112,/home/fiorello/init_files_grid/112.dat,/scratch/fiorello/mesoEvo_install_seq/dataset_pores_grid/112,intermediate,2,2,3.6363636363636362,12.0,0.1045,1.064
113,/home/fiorello/init_files_grid/113.dat,/scratch/fiorello/mesoEvo_install_seq/dataset_pores_grid/113,intermediate,2,2,3.6363636363636362,13.0,0.1045,1.1685
114,/home/fiorello/init_files_grid/114.dat,/scratch/fiorello/mesoEvo_install_seq/dataset_pores_grid/114,intermediate,2,2,3.909090909090909,8.0,0.1045,0.6459999999999999
115,/home/fiorello/init_files_grid/115.dat,/scratch/fiorello/mesoEvo_install_seq/dataset_pores_grid/115,intermediate,2,2,3.909090909090909,9.0,0.1045,0.7505
116,/home/fiorello/init_files_grid/116.dat,/scratch/fiorello/mesoEvo_install_seq/dataset_pores_grid/116,intermediate,2,2,3.909090909090909,10.0,0.1045,0.855
117,/home/fiorello/init_files_grid/117.dat,/scratch/fiorello/mesoEvo_install_seq/dataset_pores_grid/117,intermediate,2,2,3.909090909090909,11.0,0.1045,0.9595
118,/home/fiorello/init_files_grid/118.dat,/scratch/fiorello/mesoEvo_install_seq/dataset_pores_grid/118,intermediate,2,2,3.909090909090909,12.0,0.1045,1.064
119,/home/fiorello/init_files_grid/119.dat,/scratch/fiorello/mesoEvo_install_seq/dataset_pores_grid/119,intermediate,2,2,3.909090909090909,13.0,0.1045,1.1685
120,/home/fiorello/init_files_grid/120.dat,/scratch/fiorello/mesoEvo_install_seq/dataset_pores_grid/120,intermediate,2,2,4.181818181818182,8.0,0.1045,0.6459999999999999
121,/home/fiorello/init_files_grid/121.dat,/scratch/fiorello/mesoEvo_install_seq/dataset_pores_grid/121,intermediate,2,2,4.181818181818182,9.0,0.1045,0.7505
122,/home/fiorello/init_files_grid/122.dat,/scratch/fiorello/mesoEvo_install_seq/dataset_pores_grid/122,intermediate,2,2,4.181818181818182,10.0,0.1045,0.855
123,/home/fiorello/init_files_grid/123.dat,/scratch/fiorello/mesoEvo_install_seq/dataset_pores_grid/123,intermediate,2,2,4.181818181818182,11.0,0.1045,0.9595
124,/home/fiorello/init_files_grid/124.dat,/scratch/fiorello/mesoEvo_install_seq/dataset_pores_grid/124,intermediate,2,2,4.181818181818182,12.0,0.1045,1.064
125,/home/fiorello/init_files_grid/125.dat,/scratch/fiorello/mesoEvo_install_seq/dataset_pores_grid/125,intermediate,2,2,4.181818181818182,13.0,0.1045,1.1685
126,/home/fiorello/init_files_grid/126.dat,/scratch/fiorello/mesoEvo_install_seq/dataset_pores_grid/126,intermediate,2,2,4.454545454545454,8.0,0.1045,0.6459999999999999
127,/home/fiorello/init_files_grid/127.dat,/scratch/fiorello/mesoEvo_install_seq/dataset_pores_grid/127,intermediate,2,2,4.454545454545454,9.0,0.1045,0.7505
128,/home/fiorello/init_files_grid/128.dat,/scratch/fiorello/mesoEvo_install_seq/dataset_pores_grid/128,intermediate,2,2,4.454545454545454,10.0,0.1045,0.855
129,/home/fiorello/init_files_grid/129.dat,/scratch/fiorello/mesoEvo_install_seq/dataset_pores_grid/129,intermediate,2,2,4.454545454545454,11.0,0.1045,0.9595
130,/home/fiorello/init_files_grid/130.dat,/scratch/fiorello/mesoEvo_install_seq/dataset_pores_grid/130,intermediate,2,2,4.454545454545454,12.0,0.1045,1.064
131,/home/fiorello/init_files_grid/131.dat,/scratch/fiorello/mesoEvo_install_seq/dataset_pores_grid/131,intermediate,2,2,4.454545454545454,13.0,0.1045,1.1685
132,/home/fiorello/init_files_grid/132.dat,/scratch/fiorello/mesoEvo_install_seq/dataset_pores_grid/132,intermediate,2,2,4.727272727272727,8.0,0.1045,0.6459999999999999
133,/home/fiorello/init_files_grid/133.dat,/scratch/fiorello/mesoEvo_install_seq/dataset_pores_grid/133,intermediate,2,2,4.727272727272727,9.0,0.1045,0.7505
134,/home/fiorello/init_files_grid/134.dat,/scratch/fiorello/mesoEvo_install_seq/dataset_pores_grid/134,intermediate,2,2,4.727272727272727,10.0,0.1045,0.855
135,/home/fiorello/init_files_grid/135.dat,/scratch/fiorello/mesoEvo_install_seq/dataset_pores_grid/135,intermediate,2,2,4.727272727272727,11.0,0.1045,0.9595
136,/home/fiorello/init_files_grid/136.dat,/scratch/fiorello/mesoEvo_install_seq/dataset_pores_grid/136,intermediate,2,2,4.727272727272727,12.0,0.1045,1.064
137,/home/fiorello/init_files_grid/137.dat,/scratch/fiorello/mesoEvo_install_seq/dataset_pores_grid/137,intermediate,2,2,4.727272727272727,13.0,0.1045,1.1685
138,/home/fiorello/init_files_grid/138.dat,/scratch/fiorello/mesoEvo_install_seq/dataset_pores_grid/138,intermediate,2,2,5.0,8.0,0.1045,0.6459999999999999
139,/home/fiorello/init_files_grid/139.dat,/scratch/fiorello/mesoEvo_install_seq/dataset_pores_grid/139,intermediate,2,2,5.0,9.0,0.1045,0.7505
140,/home/fiorello/init_files_grid/140.dat,/scratch/fiorello/mesoEvo_install_seq/dataset_pores_grid/140,intermediate,2,2,5.0,10.0,0.1045,0.855
141,/home/fiorello/init_files_grid/141.dat,/scratch/fiorello/mesoEvo_install_seq/dataset_pores_grid/141,intermediate,2,2,5.0,11.0,0.1045,0.9595
142,/home/fiorello/init_files_grid/142.dat,/scratch/fiorello/mesoEvo_install_seq/dataset_pores_grid/142,intermediate,2,2,5.0,12.0,0.1045,1.064
143,/home/fiorello/init_files_grid/143.dat,/scratch/fiorello/mesoEvo_install_seq/dataset_pores_grid/143,intermediate,2,2,5.0,13.0,0.1045,1.1685
144,/home/fiorello/init_files_grid/144.dat,/scratch/fiorello/mesoEvo_install_seq/dataset_pores_grid/144,intermediate,3,3,2.0,8.0,0.1045,0.6459999999999999
145,/home/fiorello/init_files_grid/145.dat,/scratch/fiorello/mesoEvo_install_seq/dataset_pores_grid/145,intermediate,3,3,2.0,9.0,0.1045,0.7505
146,/home/fiorello/init_files_grid/146.dat,/scratch/fiorello/mesoEvo_install_seq/dataset_pores_grid/146,intermediate,3,3,2.0,10.0,0.1045,0.855
147,/home/fiorello/init_files_grid/147.dat,/scratch/fiorello/mesoEvo_install_seq/dataset_pores_grid/147,intermediate,3,3,2.0,11.0,0.1045,0.9595
148,/home/fiorello/init_files_grid/148.dat,/scratch/fiorello/mesoEvo_install_seq/dataset_pores_grid/148,intermediate,3,3,2.0,12.0,0.1045,1.064
149,/home/fiorello/init_files_grid/149.dat,/scratch/fiorello/mesoEvo_install_seq/dataset_pores_grid/149,intermediate,3,3,2.0,13.0,0.1045,1.1685
150,/home/fiorello/init_files_grid/150.dat,/scratch/fiorello/mesoEvo_install_seq/dataset_pores_grid/150,intermediate,3,3,2.2727272727272725,8.0,0.1045,0.6459999999999999
151,/home/fiorello/init_files_grid/151.dat,/scratch/fiorello/mesoEvo_install_seq/dataset_pores_grid/151,intermediate,3,3,2.2727272727272725,9.0,0.1045,0.7505
152,/home/fiorello/init_files_grid/152.dat,/scratch/fiorello/mesoEvo_install_seq/dataset_pores_grid/152,intermediate,3,3,2.2727272727272725,10.0,0.1045,0.855
153,/home/fiorello/init_files_grid/153.dat,/scratch/fiorello/mesoEvo_install_seq/dataset_pores_grid/153,intermediate,3,3,2.2727272727272725,11.0,0.1045,0.9595
154,/home/fiorello/init_files_grid/154.dat,/scratch/fiorello/mesoEvo_install_seq/dataset_pores_grid/154,intermediate,3,3,2.2727272727272725,12.0,0.1045,1.064
155,/home/fiorello/init_files_grid/155.dat,/scratch/fiorello/mesoEvo_install_seq/dataset_pores_grid/155,intermediate,3,3,2.2727272727272725,13.0,0.1045,1.1685
156,/home/fiorello/init_files_grid/156.dat,/scratch/fiorello/mesoEvo_install_seq/dataset_pores_grid/156,intermediate,3,3,2.5454545454545454,8.0,0.1045,0.6459999999999999
157,/home/fiorello/init_files_grid/157.dat,/scratch/fiorello/mesoEvo_install_seq/dataset_pores_grid/157,intermediate,3,3,2.5454545454545454,9.0,0.1045,0.7505
158,/home/fiorello/init_files_grid/158.dat,/scratch/fiorello/mesoEvo_install_seq/dataset_pores_grid/158,intermediate,3,3,2.5454545454545454,10.0,0.1045,0.855
159,/home/fiorello/init_files_grid/159.dat,/scratch/fiorello/mesoEvo_install_seq/dataset_pores_grid/159,intermediate,3,3,2.5454545454545454,11.0,0.1045,0.9595
160,/home/fiorello/init_files_grid/160.dat,/scratch/fiorello/mesoEvo_install_seq/dataset_pores_grid/160,intermediate,3,3,2.5454545454545454,12.0,0.1045,1.064
161,/home/fiorello/init_files_grid/161.dat,/scratch/fiorello/mesoEvo_install_seq/dataset_pores_grid/161,intermediate,3,3,2.5454545454545454,13.0,0.1045,1.1685
162,/home/fiorello/init_files_grid/162.dat,/scratch/fiorello/mesoEvo_install_seq/dataset_pores_grid/162,intermediate,3,3,2.8181818181818183,8.0,0.1045,0.6459999999999999
163,/home/fiorello/init_files_grid/163.dat,/scratch/fiorello/mesoEvo_install_seq/dataset_pores_grid/163,intermediate,3,3,2.8181818181818183,9.0,0.1045,0.7505
164,/home/fiorello/init_files_grid/164.dat,/scratch/fiorello/mesoEvo_install_seq/dataset_pores_grid/164,intermediate,3,3,2.8181818181818183,10.0,0.1045,0.855
165,/home/fiorello/init_files_grid/165.dat,/scratch/fiorello/mesoEvo_install_seq/dataset_pores_grid/165,intermediate,3,3,2.8181818181818183,11.0,0.1045,0.9595
166,/home/fiorello/init_files_grid/166.dat,/scratch/fiorello/mesoEvo_install_seq/dataset_pores_grid/166,intermediate,3,3,2.8181818181818183,12.0,0.1045,1.064
167,/home/fiorello/init_files_grid/167.dat,/scratch/fiorello/mesoEvo_install_seq/dataset_pores_grid/167,intermediate,3,3,2.8181818181818183,13.0,0.1045,1.1685
168,/home/fiorello/init_files_grid/168.dat,/scratch/fiorello/mesoEvo_install_seq/dataset_pores_grid/168,intermediate,3,3,3.090909090909091,8.0,0.1045,0.6459999999999999
169,/home/fiorello/init_files_grid/169.dat,/scratch/fiorello/mesoEvo_install_seq/dataset_pores_grid/169,intermediate,3,3,3.090909090909091,9.0,0.1045,0.7505
170,/home/fiorello/init_files_grid/170.dat,/scratch/fiorello/mesoEvo_install_seq/dataset_pores_grid/170,intermediate,3,3,3.090909090909091,10.0,0.1045,0.855
171,/home/fiorello/init_files_grid/171.dat,/scratch/fiorello/mesoEvo_install_seq/dataset_pores_grid/171,intermediate,3,3,3.090909090909091,11.0,0.1045,0.9595
172,/home/fiorello/init_files_grid/172.dat,/scratch/fiorello/mesoEvo_install_seq/dataset_pores_grid/172,intermediate,3,3,3.090909090909091,12.0,0.1045,1.064
173,/home/fiorello/init_files_grid/173.dat,/scratch/fiorello/mesoEvo_install_seq/dataset_pores_grid/173,intermediate,3,3,3.090909090909091,13.0,0.1045,1.1685
174,/home/fiorello/init_files_grid/174.dat,/scratch/fiorello/mesoEvo_install_seq/dataset_pores_grid/174,intermediate,3,3,3.3636363636363633,8.0,0.1045,0.6459999999999999
175,/home/fiorello/init_files_grid/175.dat,/scratch/fiorello/mesoEvo_install_seq/dataset_pores_grid/175,intermediate,3,3,3.3636363636363633,9.0,0.1045,0.7505
176,/home/fiorello/init_files_grid/176.dat,/scratch/fiorello/mesoEvo_install_seq/dataset_pores_grid/176,intermediate,3,3,3.3636363636363633,10.0,0.1045,0.855
177,/home/fiorello/init_files_grid/177.dat,/scratch/fiorello/mesoEvo_install_seq/dataset_pores_grid/177,intermediate,3,3,3.3636363636363633,11.0,0.1045,0.9595
178,/home/fiorello/init_files_grid/178.dat,/scratch/fiorello/mesoEvo_install_seq/dataset_pores_grid/178,intermediate,3,3,3.3636363636363633,12.0,0.1045,1.064
179,/home/fiorello/init_files_grid/179.dat,/scratch/fiorello/mesoEvo_install_seq/dataset_pores_grid/179,intermediate,3,3,3.3636363636363633,13.0,0.1045,1.1685
180,/home/fiorello/init_files_grid/180.dat,/scratch/fiorello/mesoEvo_install_seq/dataset_pores_grid/180,intermediate,3,3,3.6363636363636362,8.0,0.1045,0.6459999999999999
181,/home/fiorello/init_files_grid/181.dat,/scratch/fiorello/mesoEvo_install_seq/dataset_pores_grid/181,intermediate,3,3,3.6363636363636362,9.0,0.1045,0.7505
182,/home/fiorello/init_files_grid/182.dat,/scratch/fiorello/mesoEvo_install_seq/dataset_pores_grid/182,intermediate,3,3,3.6363636363636362,10.0,0.1045,0.855
183,/home/fiorello/init_files_grid/183.dat,/scratch/fiorello/mesoEvo_install_seq/dataset_pores_grid/183,intermediate,3,3,3.6363636363636362,11.0,0.1045,0.9595
184,/home/fiorello/init_files_grid/184.dat,/scratch/fiorello/mesoEvo_install_seq/dataset_pores_grid/184,intermediate,3,3,3.6363636363636362,12.0,0.1045,1.064
185,/home/fiorello/init_files_grid/185.dat,/scratch/fiorello/mesoEvo_install_seq/dataset_pores_grid/185,intermediate,3,3,3.6363636363636362,13.0,0.1045,1.1685
186,/home/fiorello/init_files_grid/186.dat,/scratch/fiorello/mesoEvo_install_seq/dataset_pores_grid/186,intermediate,3,3,3.909090909090909,8.0,0.1045,0.6459999999999999
187,/home/fiorello/init_files_grid/187.dat,/scratch/fiorello/mesoEvo_install_seq/dataset_pores_grid/187,intermediate,3,3,3.909090909090909,9.0,0.1045,0.7505
188,/home/fiorello/init_files_grid/188.dat,/scratch/fiorello/mesoEvo_install_seq/dataset_pores_grid/188,intermediate,3,3,3.909090909090909,10.0,0.1045,0.855
189,/home/fiorello/init_files_grid/189.dat,/scratch/fiorello/mesoEvo_install_seq/dataset_pores_grid/189,intermediate,3,3,3.909090909090909,11.0,0.1045,0.9595
190,/home/fiorello/init_files_grid/190.dat,/scratch/fiorello/mesoEvo_install_seq/dataset_pores_grid/190,intermediate,3,3,3.909090909090909,12.0,0.1045,1.064
191,/home/fiorello/init_files_grid/191.dat,/scratch/fiorello/mesoEvo_install_seq/dataset_pores_grid/191,intermediate,3,3,3.909090909090909,13.0,0.1045,1.1685
192,/home/fiorello/init_files_grid/192.dat,/scratch/fiorello/mesoEvo_install_seq/dataset_pores_grid/192,intermediate,3,3,4.181818181818182,8.0,0.1045,0.6459999999999999
193,/home/fiorello/init_files_grid/193.dat,/scratch/fiorello/mesoEvo_install_seq/dataset_pores_grid/193,intermediate,3,3,4.181818181818182,9.0,0.1045,0.7505
194,/home/fiorello/init_files_grid/194.dat,/scratch/fiorello/mesoEvo_install_seq/dataset_pores_grid/194,intermediate,3,3,4.181818181818182,10.0,0.1045,0.855
195,/home/fiorello/init_files_grid/195.dat,/scratch/fiorello/mesoEvo_install_seq/dataset_pores_grid/195,intermediate,3,3,4.181818181818182,11.0,0.1045,0.9595
196,/home/fiorello/init_files_grid/196.dat,/scratch/fiorello/mesoEvo_install_seq/dataset_pores_grid/196,intermediate,3,3,4.181818181818182,12.0,0.1045,1.064
197,/home/fiorello/init_files_grid/197.dat,/scratch/fiorello/mesoEvo_install_seq/dataset_pores_grid/197,intermediate,3,3,4.181818181818182,13.0,0.1045,1.1685
198,/home/fiorello/init_files_grid/198.dat,/scratch/fiorello/mesoEvo_install_seq/dataset_pores_grid/198,intermediate,3,3,4.454545454545454,8.0,0.1045,0.6459999999999999
199,/home/fiorello/init_files_grid/199.dat,/scratch/fiorello/mesoEvo_install_seq/dataset_pores_grid/199,intermediate,3,3,4.454545454545454,9.0,0.1045,0.7505
200,/home/fiorello/init_files_grid/200.dat,/scratch/fiorello/mesoEvo_install_seq/dataset_pores_grid/200,intermediate,3,3,4.454545454545454,10.0,0.1045,0.855
201,/home/fiorello/init_files_grid/201.dat,/scratch/fiorello/mesoEvo_install_seq/dataset_pores_grid/201,intermediate,3,3,4.454545454545454,11.0,0.1045,0.9595
202,/home/fiorello/init_files_grid/202.dat,/scratch/fiorello/mesoEvo_install_seq/dataset_pores_grid/202,intermediate,3,3,4.454545454545454,12.0,0.1045,1.064
203,/home/fiorello/init_files_grid/203.dat,/scratch/fiorello/mesoEvo_install_seq/dataset_pores_grid/203,intermediate,3,3,4.454545454545454,13.0,0.1045,1.1685
204,/home/fiorello/init_files_grid/204.dat,/scratch/fiorello/mesoEvo_install_seq/dataset_pores_grid/204,intermediate,3,3,4.727272727272727,8.0,0.1045,0.6459999999999999
205,/home/fiorello/init_files_grid/205.dat,/scratch/fiorello/mesoEvo_install_seq/dataset_pores_grid/205,intermediate,3,3,4.727272727272727,9.0,0.1045,0.7505
206,/home/fiorello/init_files_grid/206.dat,/scratch/fiorello/mesoEvo_install_seq/dataset_pores_grid/206,intermediate,3,3,4.727272727272727,10.0,0.1045,0.855
207,/home/fiorello/init_files_grid/207.dat,/scratch/fiorello/mesoEvo_install_seq/dataset_pores_grid/207,intermediate,3,3,4.727272727272727,11.0,0.1045,0.9595
208,/home/fiorello/init_files_grid/208.dat,/scratch/fiorello/mesoEvo_install_seq/dataset_pores_grid/208,intermediate,3,3,4.727272727272727,12.0,0.1045,1.064
209,/home/fiorello/init_files_grid/209.dat,/scratch/fiorello/mesoEvo_install_seq/dataset_pores_grid/209,intermediate,3,3,4.727272727272727,13.0,0.1045,1.1685
210,/home/fiorello/init_files_grid/210.dat,/scratch/fiorello/mesoEvo_install_seq/dataset_pores_grid/210,intermediate,3,3,5.0,8.0,0.1045,0.6459999999999999
211,/home/fiorello/init_files_grid/211.dat,/scratch/fiorello/mesoEvo_install_seq/dataset_pores_grid/211,intermediate,3,3,5.0,9.0,0.1045,0.7505
212,/home/fiorello/init_files_grid/212.dat,/scratch/fiorello/mesoEvo_install_seq/dataset_pores_grid/212,intermediate,3,3,5.0,10.0,0.1045,0.855
213,/home/fiorello/init_files_grid/213.dat,/scratch/fiorello/mesoEvo_install_seq/dataset_pores_grid/213,intermediate,3,3,5.0,11.0,0.1045,0.9595
214,/home/fiorello/init_files_grid/214.dat,/scratch/fiorello/mesoEvo_install_seq/dataset_pores_grid/214,intermediate,3,3,5.0,12.0,0.1045,1.064
215,/home/fiorello/init_files_grid/215.dat,/scratch/fiorello/mesoEvo_install_seq/dataset_pores_grid/215,intermediate,3,3,5.0,13.0,0.1045,1.1685
216,/home/fiorello/init_files_grid/216.dat,/scratch/fiorello/mesoEvo_install_seq/dataset_pores_grid/216,intermediate,4,4,2.0,8.0,0.1045,0.6459999999999999
217,/home/fiorello/init_files_grid/217.dat,/scratch/fiorello/mesoEvo_install_seq/dataset_pores_grid/217,intermediate,4,4,2.0,9.0,0.1045,0.7505
218,/home/fiorello/init_files_grid/218.dat,/scratch/fiorello/mesoEvo_install_seq/dataset_pores_grid/218,intermediate,4,4,2.0,10.0,0.1045,0.855
219,/home/fiorello/init_files_grid/219.dat,/scratch/fiorello/mesoEvo_install_seq/dataset_pores_grid/219,intermediate,4,4,2.0,11.0,0.1045,0.9595
220,/home/fiorello/init_files_grid/220.dat,/scratch/fiorello/mesoEvo_install_seq/dataset_pores_grid/220,intermediate,4,4,2.0,12.0,0.1045,1.064
221,/home/fiorello/init_files_grid/221.dat,/scratch/fiorello/mesoEvo_install_seq/dataset_pores_grid/221,intermediate,4,4,2.0,13.0,0.1045,1.1685
222,/home/fiorello/init_files_grid/222.dat,/scratch/fiorello/mesoEvo_install_seq/dataset_pores_grid/222,intermediate,4,4,2.2727272727272725,8.0,0.1045,0.6459999999999999
223,/home/fiorello/init_files_grid/223.dat,/scratch/fiorello/mesoEvo_install_seq/dataset_pores_grid/223,intermediate,4,4,2.2727272727272725,9.0,0.1045,0.7505
224,/home/fiorello/init_files_grid/224.dat,/scratch/fiorello/mesoEvo_install_seq/dataset_pores_grid/224,intermediate,4,4,2.2727272727272725,10.0,0.1045,0.855
225,/home/fiorello/init_files_grid/225.dat,/scratch/fiorello/mesoEvo_install_seq/dataset_pores_grid/225,intermediate,4,4,2.2727272727272725,11.0,0.1045,0.9595
226,/home/fiorello/init_files_grid/226.dat,/scratch/fiorello/mesoEvo_install_seq/dataset_pores_grid/226,intermediate,4,4,2.2727272727272725,12.0,0.1045,1.064
227,/home/fiorello/init_files_grid/227.dat,/scratch/fiorello/mesoEvo_install_seq/dataset_pores_grid/227,intermediate,4,4,2.2727272727272725,13.0,0.1045,1.1685
228,/home/fiorello/init_files_grid/228.dat,/scratch/fiorello/mesoEvo_install_seq/dataset_pores_grid/228,intermediate,4,4,2.5454545454545454,8.0,0.1045,0.6459999999999999
229,/home/fiorello/init_files_grid/229.dat,/scratch/fiorello/mesoEvo_install_seq/dataset_pores_grid/229,intermediate,4,4,2.5454545454545454,9.0,0.1045,0.7505
230,/home/fiorello/init_files_grid/230.dat,/scratch/fiorello/mesoEvo_install_seq/dataset_pores_grid/230,intermediate,4,4,2.5454545454545454,10.0,0.1045,0.855
231,/home/fiorello/init_files_grid/231.dat,/scratch/fiorello/mesoEvo_install_seq/dataset_pores_grid/231,intermediate,4,4,2.5454545454545454,11.0,0.1045,0.9595
232,/home/fiorello/init_files_grid/232.dat,/scratch/fiorello/mesoEvo_install_seq/dataset_pores_grid/232,intermediate,4,4,2.5454545454545454,12.0,0.1045,1.064
233,/home/fiorello/init_files_grid/233.dat,/scratch/fiorello/mesoEvo_install_seq/dataset_pores_grid/233,intermediate,4,4,2.5454545454545454,13.0,0.1045,1.1685
234,/home/fiorello/init_files_grid/234.dat,/scratch/fiorello/mesoEvo_install_seq/dataset_pores_grid/234,intermediate,4,4,2.8181818181818183,8.0,0.1045,0.6459999999999999
235,/home/fiorello/init_files_grid/235.dat,/scratch/fiorello/mesoEvo_install_seq/dataset_pores_grid/235,intermediate,4,4,2.8181818181818183,9.0,0.1045,0.7505
236,/home/fiorello/init_files_grid/236.dat,/scratch/fiorello/mesoEvo_install_seq/dataset_pores_grid/236,intermediate,4,4,2.8181818181818183,10.0,0.1045,0.855
237,/home/fiorello/init_files_grid/237.dat,/scratch/fiorello/mesoEvo_install_seq/dataset_pores_grid/237,intermediate,4,4,2.8181818181818183,11.0,0.1045,0.9595
238,/home/fiorello/init_files_grid/238.dat,/scratch/fiorello/mesoEvo_install_seq/dataset_pores_grid/238,intermediate,4,4,2.8181818181818183,12.0,0.1045,1.064
239,/home/fiorello/init_files_grid/239.dat,/scratch/fiorello/mesoEvo_install_seq/dataset_pores_grid/239,intermediate,4,4,2.8181818181818183,13.0,0.1045,1.1685
240,/home/fiorello/init_files_grid/240.dat,/scratch/fiorello/mesoEvo_install_seq/dataset_pores_grid/240,intermediate,4,4,3.090909090909091,8.0,0.1045,0.6459999999999999
241,/home/fiorello/init_files_grid/241.dat,/scratch/fiorello/mesoEvo_install_seq/dataset_pores_grid/241,intermediate,4,4,3.090909090909091,9.0,0.1045,0.7505
242,/home/fiorello/init_files_grid/242.dat,/scratch/fiorello/mesoEvo_install_seq/dataset_pores_grid/242,intermediate,4,4,3.090909090909091,10.0,0.1045,0.855
243,/home/fiorello/init_files_grid/243.dat,/scratch/fiorello/mesoEvo_install_seq/dataset_pores_grid/243,intermediate,4,4,3.090909090909091,11.0,0.1045,0.9595
244,/home/fiorello/init_files_grid/244.dat,/scratch/fiorello/mesoEvo_install_seq/dataset_pores_grid/244,intermediate,4,4,3.090909090909091,12.0,0.1045,1.064
245,/home/fiorello/init_files_grid/245.dat,/scratch/fiorello/mesoEvo_install_seq/dataset_pores_grid/245,intermediate,4,4,3.090909090909091,13.0,0.1045,1.1685
246,/home/fiorello/init_files_grid/246.dat,/scratch/fiorello/mesoEvo_install_seq/dataset_pores_grid/246,intermediate,4,4,3.3636363636363633,8.0,0.1045,0.6459999999999999
247,/home/fiorello/init_files_grid/247.dat,/scratch/fiorello/mesoEvo_install_seq/dataset_pores_grid/247,intermediate,4,4,3.3636363636363633,9.0,0.1045,0.7505
248,/home/fiorello/init_files_grid/248.dat,/scratch/fiorello/mesoEvo_install_seq/dataset_pores_grid/248,intermediate,4,4,3.3636363636363633,10.0,0.1045,0.855
249,/home/fiorello/init_files_grid/249.dat,/scratch/fiorello/mesoEvo_install_seq/dataset_pores_grid/249,intermediate,4,4,3.3636363636363633,11.0,0.1045,0.9595
250,/home/fiorello/init_files_grid/250.dat,/scratch/fiorello/mesoEvo_install_seq/dataset_pores_grid/250,intermediate,4,4,3.3636363636363633,12.0,0.1045,1.064
251,/home/fiorello/init_files_grid/251.dat,/scratch/fiorello/mesoEvo_install_seq/dataset_pores_grid/251,intermediate,4,4,3.3636363636363633,13.0,0.1045,1.1685
252,/home/fiorello/init_files_grid/252.dat,/scratch/fiorello/mesoEvo_install_seq/dataset_pores_grid/252,intermediate,4,4,3.6363636363636362,8.0,0.1045,0.6459999999999999
253,/home/fiorello/init_files_grid/253.dat,/scratch/fiorello/mesoEvo_install_seq/dataset_pores_grid/253,intermediate,4,4,3.6363636363636362,9.0,0.1045,0.7505
254,/home/fiorello/init_files_grid/254.dat,/scratch/fiorello/mesoEvo_install_seq/dataset_pores_grid/254,intermediate,4,4,3.6363636363636362,10.0,0.1045,0.855
255,/home/fiorello/init_files_grid/255.dat,/scratch/fiorello/mesoEvo_install_seq/dataset_pores_grid/255,intermediate,4,4,3.6363636363636362,11.0,0.1045,0.9595
256,/home/fiorello/init_files_grid/256.dat,/scratch/fiorello/mesoEvo_install_seq/dataset_pores_grid/256,intermediate,4,4,3.6363636363636362,12.0,0.1045,1.064
257,/home/fiorello/init_files_grid/257.dat,/scratch/fiorello/mesoEvo_install_seq/dataset_pores_grid/257,intermediate,4,4,3.6363636363636362,13.0,0.1045,1.1685
258,/home/fiorello/init_files_grid/258.dat,/scratch/fiorello/mesoEvo_install_seq/dataset_pores_grid/258,intermediate,4,4,3.909090909090909,8.0,0.1045,0.6459999999999999
259,/home/fiorello/init_files_grid/259.dat,/scratch/fiorello/mesoEvo_install_seq/dataset_pores_grid/259,intermediate,4,4,3.909090909090909,9.0,0.1045,0.7505
260,/home/fiorello/init_files_grid/260.dat,/scratch/fiorello/mesoEvo_install_seq/dataset_pores_grid/260,intermediate,4,4,3.909090909090909,10.0,0.1045,0.855
261,/home/fiorello/init_files_grid/261.dat,/scratch/fiorello/mesoEvo_install_seq/dataset_pores_grid/261,intermediate,4,4,3.909090909090909,11.0,0.1045,0.9595
262,/home/fiorello/init_files_grid/262.dat,/scratch/fiorello/mesoEvo_install_seq/dataset_pores_grid/262,intermediate,4,4,3.909090909090909,12.0,0.1045,1.064
263,/home/fiorello/init_files_grid/263.dat,/scratch/fiorello/mesoEvo_install_seq/dataset_pores_grid/263,intermediate,4,4,3.909090909090909,13.0,0.1045,1.1685
264,/home/fiorello/init_files_grid/264.dat,/scratch/fiorello/mesoEvo_install_seq/dataset_pores_grid/264,intermediate,4,4,4.181818181818182,8.0,0.09895808,0.6016646400000001
265,/home/fiorello/init_files_grid/265.dat,/scratch/fiorello/mesoEvo_install_seq/dataset_pores_grid/265,intermediate,4,4,4.181818181818182,9.0,0.09895808,0.7006227200000001
266,/home/fiorello/init_files_grid/266.dat,/scratch/fiorello/mesoEvo_install_seq/dataset_pores_grid/266,intermediate,4,4,4.181818181818182,10.0,0.09895808,0.7995808
267,/home/fiorello/init_files_grid/267.dat,/scratch/fiorello/mesoEvo_install_seq/dataset_pores_grid/267,intermediate,4,4,4.181818181818182,11.0,0.09895808,0.89853888
268,/home/fiorello/init_files_grid/268.dat,/scratch/fiorello/mesoEvo_install_seq/dataset_pores_grid/268,intermediate,4,4,4.181818181818182,12.0,0.09895808,0.9974969600000001
269,/home/fiorello/init_files_grid/269.dat,/scratch/fiorello/mesoEvo_install_seq/dataset_pores_grid/269,intermediate,4,4,4.181818181818182,13.0,0.09895808,1.0964550400000002
270,/home/fiorello/init_files_grid/270.dat,/scratch/fiorello/mesoEvo_install_seq/dataset_pores_grid/270,intermediate,4,3,4.454545454545454,8.0,0.1045,0.6459999999999999
271,/home/fiorello/init_files_grid/271.dat,/scratch/fiorello/mesoEvo_install_seq/dataset_pores_grid/271,intermediate,4,3,4.454545454545454,9.0,0.1045,0.7505
272,/home/fiorello/init_files_grid/272.dat,/scratch/fiorello/mesoEvo_install_seq/dataset_pores_grid/272,intermediate,4,3,4.454545454545454,10.0,0.1045,0.855
273,/home/fiorello/init_files_grid/273.dat,/scratch/fiorello/mesoEvo_install_seq/dataset_pores_grid/273,intermediate,4,3,4.454545454545454,11.0,0.1045,0.9595
274,/home/fiorello/init_files_grid/274.dat,/scratch/fiorello/mesoEvo_install_seq/dataset_pores_grid/274,intermediate,4,3,4.454545454545454,12.0,0.1045,1.064
275,/home/fiorello/init_files_grid/275.dat,/scratch/fiorello/mesoEvo_install_seq/dataset_pores_grid/275,intermediate,4,3,4.454545454545454,13.0,0.1045,1.1685
276,/home/fiorello/init_files_grid/276.dat,/scratch/fiorello/mesoEvo_install_seq/dataset_pores_grid/276,intermediate,4,3,4.727272727272727,8.0,0.1045,0.6459999999999999
277,/home/fiorello/init_files_grid/277.dat,/scratch/fiorello/mesoEvo_install_seq/dataset_pores_grid/277,intermediate,4,3,4.727272727272727,9.0,0.1045,0.7505
278,/home/fiorello/init_files_grid/278.dat,/scratch/fiorello/mesoEvo_install_seq/dataset_pores_grid/278,intermediate,4,3,4.727272727272727,10.0,0.1045,0.855
279,/home/fiorello/init_files_grid/279.dat,/scratch/fiorello/mesoEvo_install_seq/dataset_pores_grid/279,intermediate,4,3,4.727272727272727,11.0,0.1045,0.9595
280,/home/fiorello/init_files_grid/280.dat,/scratch/fiorello/mesoEvo_install_seq/dataset_pores_grid/280,intermediate,4,3,4.727272727272727,12.0,0.1045,1.064
281,/home/fiorello/init_files_grid/281.dat,/scratch/fiorello/mesoEvo_install_seq/dataset_pores_grid/281,intermediate,4,3,4.727272727272727,13.0,0.1045,1.1685
282,/home/fiorello/init_files_grid/282.dat,/scratch/fiorello/mesoEvo_install_seq/dataset_pores_grid/282,intermediate,4,3,5.0,8.0,0.1045,0.6459999999999999
283,/home/fiorello/init_files_grid/283.dat,/scratch/fiorello/mesoEvo_install_seq/dataset_pores_grid/283,intermediate,4,3,5.0,9.0,0.1045,0.7505
284,/home/fiorello/init_files_grid/284.dat,/scratch/fiorello/mesoEvo_install_seq/dataset_pores_grid/284,intermediate,4,3,5.0,10.0,0.1045,0.855
285,/home/fiorello/init_files_grid/285.dat,/scratch/fiorello/mesoEvo_install_seq/dataset_pores_grid/285,intermediate,4,3,5.0,11.0,0.1045,0.9595
286,/home/fiorello/init_files_grid/286.dat,/scratch/fiorello/mesoEvo_install_seq/dataset_pores_grid/286,intermediate,4,3,5.0,12.0,0.1045,1.064
287,/home/fiorello/init_files_grid/287.dat,/scratch/fiorello/mesoEvo_install_seq/dataset_pores_grid/287,intermediate,4,3,5.0,13.0,0.1045,1.1685
288,/home/fiorello/init_files_grid/288.dat,/scratch/fiorello/mesoEvo_install_seq/dataset_pores_grid/288,intermediate,5,5,2.0,8.0,0.1045,0.6459999999999999
289,/home/fiorello/init_files_grid/289.dat,/scratch/fiorello/mesoEvo_install_seq/dataset_pores_grid/289,intermediate,5,5,2.0,9.0,0.1045,0.7505
290,/home/fiorello/init_files_grid/290.dat,/scratch/fiorello/mesoEvo_install_seq/dataset_pores_grid/290,intermediate,5,5,2.0,10.0,0.1045,0.855
291,/home/fiorello/init_files_grid/291.dat,/scratch/fiorello/mesoEvo_install_seq/dataset_pores_grid/291,intermediate,5,5,2.0,11.0,0.1045,0.9595
292,/home/fiorello/init_files_grid/292.dat,/scratch/fiorello/mesoEvo_install_seq/dataset_pores_grid/292,intermediate,5,5,2.0,12.0,0.1045,1.064
293,/home/fiorello/init_files_grid/293.dat,/scratch/fiorello/mesoEvo_install_seq/dataset_pores_grid/293,intermediate,5,5,2.0,13.0,0.1045,1.1685
294,/home/fiorello/init_files_grid/294.dat,/scratch/fiorello/mesoEvo_install_seq/dataset_pores_grid/294,intermediate,5,5,2.2727272727272725,8.0,0.1045,0.6459999999999999
295,/home/fiorello/init_files_grid/295.dat,/scratch/fiorello/mesoEvo_install_seq/dataset_pores_grid/295,intermediate,5,5,2.2727272727272725,9.0,0.1045,0.7505
296,/home/fiorello/init_files_grid/296.dat,/scratch/fiorello/mesoEvo_install_seq/dataset_pores_grid/296,intermediate,5,5,2.2727272727272725,10.0,0.1045,0.855
297,/home/fiorello/init_files_grid/297.dat,/scratch/fiorello/mesoEvo_install_seq/dataset_pores_grid/297,intermediate,5,5,2.2727272727272725,11.0,0.1045,0.9595
298,/home/fiorello/init_files_grid/298.dat,/scratch/fiorello/mesoEvo_install_seq/dataset_pores_grid/298,intermediate,5,5,2.2727272727272725,12.0,0.1045,1.064
299,/home/fiorello/init_files_grid/299.dat,/scratch/fiorello/mesoEvo_install_seq/dataset_pores_grid/299,intermediate,5,5,2.2727272727272725,13.0,0.1045,1.1685
300,/home/fiorello/init_files_grid/300.dat,/scratch/fiorello/mesoEvo_install_seq/dataset_pores_grid/300,intermediate,5,5,2.5454545454545454,8.0,0.1045,0.6459999999999999
301,/home/fiorello/init_files_grid/301.dat,/scratch/fiorello/mesoEvo_install_seq/dataset_pores_grid/301,intermediate,5,5,2.5454545454545454,9.0,0.1045,0.7505
302,/home/fiorello/init_files_grid/302.dat,/scratch/fiorello/mesoEvo_install_seq/dataset_pores_grid/302,intermediate,5,5,2.5454545454545454,10.0,0.1045,0.855
303,/home/fiorello/init_files_grid/303.dat,/scratch/fiorello/mesoEvo_install_seq/dataset_pores_grid/303,intermediate,5,5,2.5454545454545454,11.0,0.1045,0.9595
304,/home/fiorello/init_files_grid/304.dat,/scratch/fiorello/mesoEvo_install_seq/dataset_pores_grid/304,intermediate,5,5,2.5454545454545454,12.0,0.1045,1.064
305,/home/fiorello/init_files_grid/305.dat,/scratch/fiorello/mesoEvo_install_seq/dataset_pores_grid/305,intermediate,5,5,2.5454545454545454,13.0,0.1045,1.1685
306,/home/fiorello/init_files_grid/306.dat,/scratch/fiorello/mesoEvo_install_seq/dataset_pores_grid/306,intermediate,5,5,2.8181818181818183,8.0,0.09895808,0.6016646400000001
307,/home/fiorello/init_files_grid/307.dat,/scratch/fiorello/mesoEvo_install_seq/dataset_pores_grid/307,intermediate,5,5,2.8181818181818183,9.0,0.09895808,0.7006227200000001
308,/home/fiorello/init_files_grid/308.dat,/scratch/fiorello/mesoEvo_install_seq/dataset_pores_grid/308,intermediate,5,5,2.8181818181818183,10.0,0.09895808,0.7995808
309,/home/fiorello/init_files_grid/309.dat,/scratch/fiorello/mesoEvo_install_seq/dataset_pores_grid/309,intermediate,5,5,2.8181818181818183,11.0,0.09895808,0.89853888
310,/home/fiorello/init_files_grid/310.dat,/scratch/fiorello/mesoEvo_install_seq/dataset_pores_grid/310,intermediate,5,5,2.8181818181818183,12.0,0.09895808,0.9974969600000001
311,/home/fiorello/init_files_grid/311.dat,/scratch/fiorello/mesoEvo_install_seq/dataset_pores_grid/311,intermediate,5,5,2.8181818181818183,13.0,0.09895808,1.0964550400000002
312,/home/fiorello/init_files_grid/312.dat,/scratch/fiorello/mesoEvo_install_seq/dataset_pores_grid/312,intermediate,5,4,3.090909090909091,8.0,0.1045,0.6459999999999999
313,/home/fiorello/init_files_grid/313.dat,/scratch/fiorello/mesoEvo_install_seq/dataset_pores_grid/313,intermediate,5,4,3.090909090909091,9.0,0.1045,0.7505
314,/home/fiorello/init_files_grid/314.dat,/scratch/fiorello/mesoEvo_install_seq/dataset_pores_grid/314,intermediate,5,4,3.090909090909091,10.0,0.1045,0.855
315,/home/fiorello/init_files_grid/315.dat,/scratch/fiorello/mesoEvo_install_seq/dataset_pores_grid/315,intermediate,5,4,3.090909090909091,11.0,0.1045,0.9595
316,/home/fiorello/init_files_grid/316.dat,/scratch/fiorello/mesoEvo_install_seq/dataset_pores_grid/316,intermediate,5,4,3.090909090909091,12.0,0.1045,1.064
317,/home/fiorello/init_files_grid/317.dat,/scratch/fiorello/mesoEvo_install_seq/dataset_pores_grid/317,intermediate,5,4,3.090909090909091,13.0,0.1045,1.1685
318,/home/fiorello/init_files_grid/318.dat,/scratch/fiorello/mesoEvo_install_seq/dataset_pores_grid/318,intermediate,5,4,3.3636363636363633,8.0,0.1045,0.6459999999999999
319,/home/fiorello/init_files_grid/319.dat,/scratch/fiorello/mesoEvo_install_seq/dataset_pores_grid/319,intermediate,5,4,3.3636363636363633,9.0,0.1045,0.7505
320,/home/fiorello/init_files_grid/320.dat,/scratch/fiorello/mesoEvo_install_seq/dataset_pores_grid/320,intermediate,5,4,3.3636363636363633,10.0,0.1045,0.855
321,/home/fiorello/init_files_grid/321.dat,/scratch/fiorello/mesoEvo_install_seq/dataset_pores_grid/321,intermediate,5,4,3.3636363636363633,11.0,0.1045,0.9595
322,/home/fiorello/init_files_grid/322.dat,/scratch/fiorello/mesoEvo_install_seq/dataset_pores_grid/322,intermediate,5,4,3.3636363636363633,12.0,0.1045,1.064
323,/home/fiorello/init_files_grid/323.dat,/scratch/fiorello/mesoEvo_install_seq/dataset_pores_grid/323,intermediate,5,4,3.3636363636363633,13.0,0.1045,1.1685
324,/home/fiorello/init_files_grid/324.dat,/scratch/fiorello/mesoEvo_install_seq/dataset_pores_grid/324,intermediate,5,4,3.6363636363636362,8.0,0.1045,0.6459999999999999
325,/home/fiorello/init_files_grid/325.dat,/scratch/fiorello/mesoEvo_install_seq/dataset_pores_grid/325,intermediate,5,4,3.6363636363636362,9.0,0.1045,0.7505
326,/home/fiorello/init_files_grid/326.dat,/scratch/fiorello/mesoEvo_install_seq/dataset_pores_grid/326,intermediate,5,4,3.6363636363636362,10.0,0.1045,0.855
327,/home/fiorello/init_files_grid/327.dat,/scratch/fiorello/mesoEvo_install_seq/dataset_pores_grid/327,intermediate,5,4,3.6363636363636362,11.0,0.1045,0.9595
328,/home/fiorello/init_files_grid/328.dat,/scratch/fiorello/mesoEvo_install_seq/dataset_pores_grid/328,intermediate,5,4,3.6363636363636362,12.0,0.1045,1.064
329,/home/fiorello/init_files_grid/329.dat,/scratch/fiorello/mesoEvo_install_seq/dataset_pores_grid/329,intermediate,5,4,3.6363636363636362,13.0,0.1045,1.1685
330,/home/fiorello/init_files_grid/330.dat,/scratch/fiorello/mesoEvo_install_seq/dataset_pores_grid/330,intermediate,5,4,3.909090909090909,8.0,0.1045,0.6459999999999999
331,/home/fiorello/init_files_grid/331.dat,/scratch/fiorello/mesoEvo_install_seq/dataset_pores_grid/331,intermediate,5,4,3.909090909090909,9.0,0.1045,0.7505
332,/home/fiorello/init_files_grid/332.dat,/scratch/fiorello/mesoEvo_install_seq/dataset_pores_grid/332,intermediate,5,4,3.909090909090909,10.0,0.1045,0.855
333,/home/fiorello/init_files_grid/333.dat,/scratch/fiorello/mesoEvo_install_seq/dataset_pores_grid/333,intermediate,5,4,3.909090909090909,11.0,0.1045,0.9595
334,/home/fiorello/init_files_grid/334.dat,/scratch/fiorello/mesoEvo_install_seq/dataset_pores_grid/334,intermediate,5,4,3.909090909090909,12.0,0.1045,1.064
335,/home/fiorello/init_files_grid/335.dat,/scratch/fiorello/mesoEvo_install_seq/dataset_pores_grid/335,intermediate,5,4,3.909090909090909,13.0,0.1045,1.1685
336,/home/fiorello/init_files_grid/336.dat,/scratch/fiorello/mesoEvo_install_seq/dataset_pores_grid/336,intermediate,5,4,4.181818181818182,8.0,0.09895808,0.6016646400000001
337,/home/fiorello/init_files_grid/337.dat,/scratch/fiorello/mesoEvo_install_seq/dataset_pores_grid/337,intermediate,5,4,4.181818181818182,9.0,0.09895808,0.7006227200000001
338,/home/fiorello/init_files_grid/338.dat,/scratch/fiorello/mesoEvo_install_seq/dataset_pores_grid/338,intermediate,5,4,4.181818181818182,10.0,0.09895808,0.7995808
339,/home/fiorello/init_files_grid/339.dat,/scratch/fiorello/mesoEvo_install_seq/dataset_pores_grid/339,intermediate,5,4,4.181818181818182,11.0,0.09895808,0.89853888
340,/home/fiorello/init_files_grid/340.dat,/scratch/fiorello/mesoEvo_install_seq/dataset_pores_grid/340,intermediate,5,4,4.181818181818182,12.0,0.09895808,0.9974969600000001
341,/home/fiorello/init_files_grid/341.dat,/scratch/fiorello/mesoEvo_install_seq/dataset_pores_grid/341,intermediate,5,4,4.181818181818182,13.0,0.09895808,1.0964550400000002
342,/home/fiorello/init_files_grid/342.dat,/scratch/fiorello/mesoEvo_install_seq/dataset_pores_grid/342,intermediate,5,3,4.454545454545454,8.0,0.1045,0.6459999999999999
343,/home/fiorello/init_files_grid/343.dat,/scratch/fiorello/mesoEvo_install_seq/dataset_pores_grid/343,intermediate,5,3,4.454545454545454,9.0,0.1045,0.7505
344,/home/fiorello/init_files_grid/344.dat,/scratch/fiorello/mesoEvo_install_seq/dataset_pores_grid/344,intermediate,5,3,4.454545454545454,10.0,0.1045,0.855
345,/home/fiorello/init_files_grid/345.dat,/scratch/fiorello/mesoEvo_install_seq/dataset_pores_grid/345,intermediate,5,3,4.454545454545454,11.0,0.1045,0.9595
346,/home/fiorello/init_files_grid/346.dat,/scratch/fiorello/mesoEvo_install_seq/dataset_pores_grid/346,intermediate,5,3,4.454545454545454,12.0,0.1045,1.064
347,/home/fiorello/init_files_grid/347.dat,/scratch/fiorello/mesoEvo_install_seq/dataset_pores_grid/347,intermediate,5,3,4.454545454545454,13.0,0.1045,1.1685
348,/home/fiorello/init_files_grid/348.dat,/scratch/fiorello/mesoEvo_install_seq/dataset_pores_grid/348,intermediate,5,3,4.727272727272727,8.0,0.1045,0.6459999999999999
349,/home/fiorello/init_files_grid/349.dat,/scratch/fiorello/mesoEvo_install_seq/dataset_pores_grid/349,intermediate,5,3,4.727272727272727,9.0,0.1045,0.7505
350,/home/fiorello/init_files_grid/350.dat,/scratch/fiorello/mesoEvo_install_seq/dataset_pores_grid/350,intermediate,5,3,4.727272727272727,10.0,0.1045,0.855
351,/home/fiorello/init_files_grid/351.dat,/scratch/fiorello/mesoEvo_install_seq/dataset_pores_grid/351,intermediate,5,3,4.727272727272727,11.0,0.1045,0.9595
352,/home/fiorello/init_files_grid/352.dat,/scratch/fiorello/mesoEvo_install_seq/dataset_pores_grid/352,intermediate,5,3,4.727272727272727,12.0,0.1045,1.064
353,/home/fiorello/init_files_grid/353.dat,/scratch/fiorello/mesoEvo_install_seq/dataset_pores_grid/353,intermediate,5,3,4.727272727272727,13.0,0.1045,1.1685
354,/home/fiorello/init_files_grid/354.dat,/scratch/fiorello/mesoEvo_install_seq/dataset_pores_grid/354,intermediate,5,3,5.0,8.0,0.1045,0.6459999999999999
355,/home/fiorello/init_files_grid/355.dat,/scratch/fiorello/mesoEvo_install_seq/dataset_pores_grid/355,intermediate,5,3,5.0,9.0,0.1045,0.7505
356,/home/fiorello/init_files_grid/356.dat,/scratch/fiorello/mesoEvo_install_seq/dataset_pores_grid/356,intermediate,5,3,5.0,10.0,0.1045,0.855
357,/home/fiorello/init_files_grid/357.dat,/scratch/fiorello/mesoEvo_install_seq/dataset_pores_grid/357,intermediate,5,3,5.0,11.0,0.1045,0.9595
358,/home/fiorello/init_files_grid/358.dat,/scratch/fiorello/mesoEvo_install_seq/dataset_pores_grid/358,intermediate,5,3,5.0,12.0,0.1045,1.064
359,/home/fiorello/init_files_grid/359.dat,/scratch/fiorello/mesoEvo_install_seq/dataset_pores_grid/359,intermediate,5,3,5.0,13.0,0.1045,1.1685
360,/home/fiorello/init_files_grid/360.dat,/scratch/fiorello/mesoEvo_install_seq/dataset_pores_grid/360,intermediate,6,6,2.0,8.0,0.09895808,0.6016646400000001
361,/home/fiorello/init_files_grid/361.dat,/scratch/fiorello/mesoEvo_install_seq/dataset_pores_grid/361,intermediate,6,6,2.0,9.0,0.09895808,0.7006227200000001
362,/home/fiorello/init_files_grid/362.dat,/scratch/fiorello/mesoEvo_install_seq/dataset_pores_grid/362,intermediate,6,6,2.0,10.0,0.09895808,0.7995808
363,/home/fiorello/init_files_grid/363.dat,/scratch/fiorello/mesoEvo_install_seq/dataset_pores_grid/363,intermediate,6,6,2.0,11.0,0.09895808,0.89853888
364,/home/fiorello/init_files_grid/364.dat,/scratch/fiorello/mesoEvo_install_seq/dataset_pores_grid/364,intermediate,6,6,2.0,12.0,0.09895808,0.9974969600000001
365,/home/fiorello/init_files_grid/365.dat,/scratch/fiorello/mesoEvo_install_seq/dataset_pores_grid/365,intermediate,6,6,2.0,13.0,0.09895808,1.0964550400000002
366,/home/fiorello/init_files_grid/366.dat,/scratch/fiorello/mesoEvo_install_seq/dataset_pores_grid/366,intermediate,6,5,2.2727272727272725,8.0,0.1045,0.6459999999999999
367,/home/fiorello/init_files_grid/367.dat,/scratch/fiorello/mesoEvo_install_seq/dataset_pores_grid/367,intermediate,6,5,2.2727272727272725,9.0,0.1045,0.7505
368,/home/fiorello/init_files_grid/368.dat,/scratch/fiorello/mesoEvo_install_seq/dataset_pores_grid/368,intermediate,6,5,2.2727272727272725,10.0,0.1045,0.855
369,/home/fiorello/init_files_grid/369.dat,/scratch/fiorello/mesoEvo_install_seq/dataset_pores_grid/369,intermediate,6,5,2.2727272727272725,11.0,0.1045,0.9595
370,/home/fiorello/init_files_grid/370.dat,/scratch/fiorello/mesoEvo_install_seq/dataset_pores_grid/370,intermediate,6,5,2.2727272727272725,12.0,0.1045,1.064
371,/home/fiorello/init_files_grid/371.dat,/scratch/fiorello/mesoEvo_install_seq/dataset_pores_grid/371,intermediate,6,5,2.2727272727272725,13.0,0.1045,1.1685
372,/home/fiorello/init_files_grid/372.dat,/scratch/fiorello/mesoEvo_install_seq/dataset_pores_grid/372,intermediate,6,5,2.5454545454545454,8.0,0.1045,0.6459999999999999
373,/home/fiorello/init_files_grid/373.dat,/scratch/fiorello/mesoEvo_install_seq/dataset_pores_grid/373,intermediate,6,5,2.5454545454545454,9.0,0.1045,0.7505
374,/home/fiorello/init_files_grid/374.dat,/scratch/fiorello/mesoEvo_install_seq/dataset_pores_grid/374,intermediate,6,5,2.5454545454545454,10.0,0.1045,0.855
375,/home/fiorello/init_files_grid/375.dat,/scratch/fiorello/mesoEvo_install_seq/dataset_pores_grid/375,intermediate,6,5,2.5454545454545454,11.0,0.1045,0.9595
376,/home/fiorello/init_files_grid/376.dat,/scratch/fiorello/mesoEvo_install_seq/dataset_pores_grid/376,intermediate,6,5,2.5454545454545454,12.0,0.1045,1.064
377,/home/fiorello/init_files_grid/377.dat,/scratch/fiorello/mesoEvo_install_seq/dataset_pores_grid/377,intermediate,6,5,2.5454545454545454,13.0,0.1045,1.1685
378,/home/fiorello/init_files_grid/378.dat,/scratch/fiorello/mesoEvo_install_seq/dataset_pores_grid/378,intermediate,6,5,2.8181818181818183,8.0,0.09895808,0.6016646400000001
379,/home/fiorello/init_files_grid/379.dat,/scratch/fiorello/mesoEvo_install_seq/dataset_pores_grid/379,intermediate,6,5,2.8181818181818183,9.0,0.09895808,0.7006227200000001
380,/home/fiorello/init_files_grid/380.dat,/scratch/fiorello/mesoEvo_install_seq/dataset_pores_grid/380,intermediate,6,5,2.8181818181818183,10.0,0.09895808,0.7995808
381,/home/fiorello/init_files_grid/381.dat,/scratch/fiorello/mesoEvo_install_seq/dataset_pores_grid/381,intermediate,6,5,2.8181818181818183,11.0,0.09895808,0.89853888
382,/home/fiorello/init_files_grid/382.dat,/scratch/fiorello/mesoEvo_install_seq/dataset_pores_grid/382,intermediate,6,5,2.8181818181818183,12.0,0.09895808,0.9974969600000001
383,/home/fiorello/init_files_grid/383.dat,/scratch/fiorello/mesoEvo_install_seq/dataset_pores_grid/383,intermediate,6,5,2.8181818181818183,13.0,0.09895808,1.0964550400000002
384,/home/fiorello/init_files_grid/384.dat,/scratch/fiorello/mesoEvo_install_seq/dataset_pores_grid/384,intermediate,6,4,3.090909090909091,8.0,0.1045,0.6459999999999999
385,/home/fiorello/init_files_grid/385.dat,/scratch/fiorello/mesoEvo_install_seq/dataset_pores_grid/385,intermediate,6,4,3.090909090909091,9.0,0.1045,0.7505
386,/home/fiorello/init_files_grid/386.dat,/scratch/fiorello/mesoEvo_install_seq/dataset_pores_grid/386,intermediate,6,4,3.090909090909091,10.0,0.1045,0.855
387,/home/fiorello/init_files_grid/387.dat,/scratch/fiorello/mesoEvo_install_seq/dataset_pores_grid/387,intermediate,6,4,3.090909090909091,11.0,0.1045,0.9595
388,/home/fiorello/init_files_grid/388.dat,/scratch/fiorello/mesoEvo_install_seq/dataset_pores_grid/388,intermediate,6,4,3.090909090909091,12.0,0.1045,1.064
389,/home/fiorello/init_files_grid/389.dat,/scratch/fiorello/mesoEvo_install_seq/dataset_pores_grid/389,intermediate,6,4,3.090909090909091,13.0,0.1045,1.1685
390,/home/fiorello/init_files_grid/390.dat,/scratch/fiorello/mesoEvo_install_seq/dataset_pores_grid/390,intermediate,6,4,3.3636363636363633,8.0,0.1045,0.6459999999999999
391,/home/fiorello/init_files_grid/391.dat,/scratch/fiorello/mesoEvo_install_seq/dataset_pores_grid/391,intermediate,6,4,3.3636363636363633,9.0,0.1045,0.7505
392,/home/fiorello/init_files_grid/392.dat,/scratch/fiorello/mesoEvo_install_seq/dataset_pores_grid/392,intermediate,6,4,3.3636363636363633,10.0,0.1045,0.855
393,/home/fiorello/init_files_grid/393.dat,/scratch/fiorello/mesoEvo_install_seq/dataset_pores_grid/393,intermediate,6,4,3.3636363636363633,11.0,0.1045,0.9595
394,/home/fiorello/init_files_grid/394.dat,/scratch/fiorello/mesoEvo_install_seq/dataset_pores_grid/394,intermediate,6,4,3.3636363636363633,12.0,0.1045,1.064
395,/home/fiorello/init_files_grid/395.dat,/scratch/fiorello/mesoEvo_install_seq/dataset_pores_grid/395,intermediate,6,4,3.3636363636363633,13.0,0.1045,1.1685
396,/home/fiorello/init_files_grid/396.dat,/scratch/fiorello/mesoEvo_install_seq/dataset_pores_grid/396,intermediate,6,4,3.6363636363636362,8.0,0.1045,0.6459999999999999
397,/home/fiorello/init_files_grid/397.dat,/scratch/fiorello/mesoEvo_install_seq/dataset_pores_grid/397,intermediate,6,4,3.6363636363636362,9.0,0.1045,0.7505
398,/home/fiorello/init_files_grid/398.dat,/scratch/fiorello/mesoEvo_install_seq/dataset_pores_grid/398,intermediate,6,4,3.6363636363636362,10.0,0.1045,0.855
399,/home/fiorello/init_files_grid/399.dat,/scratch/fiorello/mesoEvo_install_seq/dataset_pores_grid/399,intermediate,6,4,3.6363636363636362,11.0,0.1045,0.9595
400,/home/fiorello/init_files_grid/400.dat,/scratch/fiorello/mesoEvo_install_seq/dataset_pores_grid/400,intermediate,6,4,3.6363636363636362,12.0,0.1045,1.064
401,/home/fiorello/init_files_grid/401.dat,/scratch/fiorello/mesoEvo_install_seq/dataset_pores_grid/401,intermediate,6,4,3.6363636363636362,13.0,0.1045,1.1685
402,/home/fiorello/init_files_grid/402.dat,/scratch/fiorello/mesoEvo_install_seq/dataset_pores_grid/402,intermediate,6,4,3.909090909090909,8.0,0.1045,0.6459999999999999
403,/home/fiorello/init_files_grid/403.dat,/scratch/fiorello/mesoEvo_install_seq/dataset_pores_grid/403,intermediate,6,4,3.909090909090909,9.0,0.1045,0.7505
404,/home/fiorello/init_files_grid/404.dat,/scratch/fiorello/mesoEvo_install_seq/dataset_pores_grid/404,intermediate,6,4,3.909090909090909,10.0,0.1045,0.855
405,/home/fiorello/init_files_grid/405.dat,/scratch/fiorello/mesoEvo_install_seq/dataset_pores_grid/405,intermediate,6,4,3.909090909090909,11.0,0.1045,0.9595
406,/home/fiorello/init_files_grid/406.dat,/scratch/fiorello/mesoEvo_install_seq/dataset_pores_grid/406,intermediate,6,4,3.909090909090909,12.0,0.1045,1.064
407,/home/fiorello/init_files_grid/407.dat,/scratch/fiorello/mesoEvo_install_seq/dataset_pores_grid/407,intermediate,6,4,3.909090909090909,13.0,0.1045,1.1685
408,/home/fiorello/init_files_grid/408.dat,/scratch/fiorello/mesoEvo_install_seq/dataset_pores_grid/408,intermediate,6,4,4.181818181818182,8.0,0.09895808,0.6016646400000001
409,/home/fiorello/init_files_grid/409.dat,/scratch/fiorello/mesoEvo_install_seq/dataset_pores_grid/409,intermediate,6,4,4.181818181818182,9.0,0.09895808,0.7006227200000001
410,/home/fiorello/init_files_grid/410.dat,/scratch/fiorello/mesoEvo_install_seq/dataset_pores_grid/410,intermediate,6,4,4.181818181818182,10.0,0.09895808,0.7995808
411,/home/fiorello/init_files_grid/411.dat,/scratch/fiorello/mesoEvo_install_seq/dataset_pores_grid/411,intermediate,6,4,4.181818181818182,11.0,0.09895808,0.89853888
412,/home/fiorello/init_files_grid/412.dat,/scratch/fiorello/mesoEvo_install_seq/dataset_pores_grid/412,intermediate,6,4,4.181818181818182,12.0,0.09895808,0.9974969600000001
413,/home/fiorello/init_files_grid/413.dat,/scratch/fiorello/mesoEvo_install_seq/dataset_pores_grid/413,intermediate,6,4,4.181818181818182,13.0,0.09895808,1.0964550400000002
414,/home/fiorello/init_files_grid/414.dat,/scratch/fiorello/mesoEvo_install_seq/dataset_pores_grid/414,intermediate,6,3,4.454545454545454,8.0,0.1045,0.6459999999999999
415,/home/fiorello/init_files_grid/415.dat,/scratch/fiorello/mesoEvo_install_seq/dataset_pores_grid/415,intermediate,6,3,4.454545454545454,9.0,0.1045,0.7505
416,/home/fiorello/init_files_grid/416.dat,/scratch/fiorello/mesoEvo_install_seq/dataset_pores_grid/416,intermediate,6,3,4.454545454545454,10.0,0.1045,0.855
417,/home/fiorello/init_files_grid/417.dat,/scratch/fiorello/mesoEvo_install_seq/dataset_pores_grid/417,intermediate,6,3,4.454545454545454,11.0,0.1045,0.9595
418,/home/fiorello/init_files_grid/418.dat,/scratch/fiorello/mesoEvo_install_seq/dataset_pores_grid/418,intermediate,6,3,4.454545454545454,12.0,0.1045,1.064
419,/home/fiorello/init_files_grid/419.dat,/scratch/fiorello/mesoEvo_install_seq/dataset_pores_grid/419,intermediate,6,3,4.454545454545454,13.0,0.1045,1.1685
420,/home/fiorello/init_files_grid/420.dat,/scratch/fiorello/mesoEvo_install_seq/dataset_pores_grid/420,intermediate,6,3,4.727272727272727,8.0,0.1045,0.6459999999999999
421,/home/fiorello/init_files_grid/421.dat,/scratch/fiorello/mesoEvo_install_seq/dataset_pores_grid/421,intermediate,6,3,4.727272727272727,9.0,0.1045,0.7505
422,/home/fiorello/init_files_grid/422.dat,/scratch/fiorello/mesoEvo_install_seq/dataset_pores_grid/422,intermediate,6,3,4.727272727272727,10.0,0.1045,0.855
423,/home/fiorello/init_files_grid/423.dat,/scratch/fiorello/mesoEvo_install_seq/dataset_pores_grid/423,intermediate,6,3,4.727272727272727,11.0,0.1045,0.9595
424,/home/fiorello/init_files_grid/424.dat,/scratch/fiorello/mesoEvo_install_seq/dataset_pores_grid/424,intermediate,6,3,4.727272727272727,12.0,0.1045,1.064
425,/home/fiorello/init_files_grid/425.dat,/scratch/fiorello/mesoEvo_install_seq/dataset_pores_grid/425,intermediate,6,3,4.727272727272727,13.0,0.1045,1.1685
426,/home/fiorello/init_files_grid/426.dat,/scratch/fiorello/mesoEvo_install_seq/dataset_pores_grid/426,intermediate,6,3,5.0,8.0,0.1045,0.6459999999999999
427,/home/fiorello/init_files_grid/427.dat,/scratch/fiorello/mesoEvo_install_seq/dataset_pores_grid/427,intermediate,6,3,5.0,9.0,0.1045,0.7505
428,/home/fiorello/init_files_grid/428.dat,/scratch/fiorello/mesoEvo_install_seq/dataset_pores_grid/428,intermediate,6,3,5.0,10.0,0.1045,0.855
429,/home/fiorello/init_files_grid/429.dat,/scratch/fiorello/mesoEvo_install_seq/dataset_pores_grid/429,intermediate,6,3,5.0,11.0,0.1045,0.9595
430,/home/fiorello/init_files_grid/430.dat,/scratch/fiorello/mesoEvo_install_seq/dataset_pores_grid/430,intermediate,6,3,5.0,12.0,0.1045,1.064
431,/home/fiorello/init_files_grid/431.dat,/scratch/fiorello/mesoEvo_install_seq/dataset_pores_grid/431,intermediate,6,3,5.0,13.0,0.1045,1.1685
432,/home/fiorello/init_files_grid/432.dat,/scratch/fiorello/mesoEvo_install_seq/dataset_pores_grid/432,intermediate,7,6,2.0,8.0,0.09895808,0.6016646400000001
433,/home/fiorello/init_files_grid/433.dat,/scratch/fiorello/mesoEvo_install_seq/dataset_pores_grid/433,intermediate,7,6,2.0,9.0,0.09895808,0.7006227200000001
434,/home/fiorello/init_files_grid/434.dat,/scratch/fiorello/mesoEvo_install_seq/dataset_pores_grid/434,intermediate,7,6,2.0,10.0,0.09895808,0.7995808
435,/home/fiorello/init_files_grid/435.dat,/scratch/fiorello/mesoEvo_install_seq/dataset_pores_grid/435,intermediate,7,6,2.0,11.0,0.09895808,0.89853888
436,/home/fiorello/init_files_grid/436.dat,/scratch/fiorello/mesoEvo_install_seq/dataset_pores_grid/436,intermediate,7,6,2.0,12.0,0.09895808,0.9974969600000001
437,/home/fiorello/init_files_grid/437.dat,/scratch/fiorello/mesoEvo_install_seq/dataset_pores_grid/437,intermediate,7,6,2.0,13.0,0.09895808,1.0964550400000002
438,/home/fiorello/init_files_grid/438.dat,/scratch/fiorello/mesoEvo_install_seq/dataset_pores_grid/438,intermediate,7,5,2.2727272727272725,8.0,0.1045,0.6459999999999999
439,/home/fiorello/init_files_grid/439.dat,/scratch/fiorello/mesoEvo_install_seq/dataset_pores_grid/439,intermediate,7,5,2.2727272727272725,9.0,0.1045,0.7505
440,/home/fiorello/init_files_grid/440.dat,/scratch/fiorello/mesoEvo_install_seq/dataset_pores_grid/440,intermediate,7,5,2.2727272727272725,10.0,0.1045,0.855
441,/home/fiorello/init_files_grid/441.dat,/scratch/fiorello/mesoEvo_install_seq/dataset_pores_grid/441,intermediate,7,5,2.2727272727272725,11.0,0.1045,0.9595
442,/home/fiorello/init_files_grid/442.dat,/scratch/fiorello/mesoEvo_install_seq/dataset_pores_grid/442,intermediate,7,5,2.2727272727272725,12.0,0.1045,1.064
443,/home/fiorello/init_files_grid/443.dat,/scratch/fiorello/mesoEvo_install_seq/dataset_pores_grid/443,intermediate,7,5,2.2727272727272725,13.0,0.1045,1.1685
444,/home/fiorello/init_files_grid/444.dat,/scratch/fiorello/mesoEvo_install_seq/dataset_pores_grid/444,intermediate,7,5,2.5454545454545454,8.0,0.1045,0.6459999999999999
445,/home/fiorello/init_files_grid/445.dat,/scratch/fiorello/mesoEvo_install_seq/dataset_pores_grid/445,intermediate,7,5,2.5454545454545454,9.0,0.1045,0.7505
446,/home/fiorello/init_files_grid/446.dat,/scratch/fiorello/mesoEvo_install_seq/dataset_pores_grid/446,intermediate,7,5,2.5454545454545454,10.0,0.1045,0.855
447,/home/fiorello/init_files_grid/447.dat,/scratch/fiorello/mesoEvo_install_seq/dataset_pores_grid/447,intermediate,7,5,2.5454545454545454,11.0,0.1045,0.9595
448,/home/fiorello/init_files_grid/448.dat,/scratch/fiorello/mesoEvo_install_seq/dataset_pores_grid/448,intermediate,7,5,2.5454545454545454,12.0,0.1045,1.064
449,/home/fiorello/init_files_grid/449.dat,/scratch/fiorello/mesoEvo_install_seq/dataset_pores_grid/449,intermediate,7,5,2.5454545454545454,13.0,0.1045,1.1685
450,/home/fiorello/init_files_grid/450.dat,/scratch/fiorello/mesoEvo_install_seq/dataset_pores_grid/450,intermediate,7,5,2.8181818181818183,8.0,0.09895808,0.6016646400000001
451,/home/fiorello/init_files_grid/451.dat,/scratch/fiorello/mesoEvo_install_seq/dataset_pores_grid/451,intermediate,7,5,2.8181818181818183,9.0,0.09895808,0.7006227200000001
452,/home/fiorello/init_files_grid/452.dat,/scratch/fiorello/mesoEvo_install_seq/dataset_pores_grid/452,intermediate,7,5,2.8181818181818183,10.0,0.09895808,0.7995808
453,/home/fiorello/init_files_grid/453.dat,/scratch/fiorello/mesoEvo_install_seq/dataset_pores_grid/453,intermediate,7,5,2.8181818181818183,11.0,0.09895808,0.89853888
454,/home/fiorello/init_files_grid/454.dat,/scratch/fiorello/mesoEvo_install_seq/dataset_pores_grid/454,intermediate,7,5,2.8181818181818183,12.0,0.09895808,0.9974969600000001
455,/home/fiorello/init_files_grid/455.dat,/scratch/fiorello/mesoEvo_install_seq/dataset_pores_grid/455,intermediate,7,5,2.8181818181818183,13.0,0.09895808,1.0964550400000002
456,/home/fiorello/init_files_grid/456.dat,/scratch/fiorello/mesoEvo_install_seq/dataset_pores_grid/456,intermediate,7,4,3.090909090909091,8.0,0.1045,0.6459999999999999
457,/home/fiorello/init_files_grid/457.dat,/scratch/fiorello/mesoEvo_install_seq/dataset_pores_grid/457,intermediate,7,4,3.090909090909091,9.0,0.1045,0.7505
458,/home/fiorello/init_files_grid/458.dat,/scratch/fiorello/mesoEvo_install_seq/dataset_pores_grid/458,intermediate,7,4,3.090909090909091,10.0,0.1045,0.855
459,/home/fiorello/init_files_grid/459.dat,/scratch/fiorello/mesoEvo_install_seq/dataset_pores_grid/459,intermediate,7,4,3.090909090909091,11.0,0.1045,0.9595
460,/home/fiorello/init_files_grid/460.dat,/scratch/fiorello/mesoEvo_install_seq/dataset_pores_grid/460,intermediate,7,4,3.090909090909091,12.0,0.1045,1.064
461,/home/fiorello/init_files_grid/461.dat,/scratch/fiorello/mesoEvo_install_seq/dataset_pores_grid/461,intermediate,7,4,3.090909090909091,13.0,0.1045,1.1685
462,/home/fiorello/init_files_grid/462.dat,/scratch/fiorello/mesoEvo_install_seq/dataset_pores_grid/462,intermediate,7,4,3.3636363636363633,8.0,0.1045,0.6459999999999999
463,/home/fiorello/init_files_grid/463.dat,/scratch/fiorello/mesoEvo_install_seq/dataset_pores_grid/463,intermediate,7,4,3.3636363636363633,9.0,0.1045,0.7505
464,/home/fiorello/init_files_grid/464.dat,/scratch/fiorello/mesoEvo_install_seq/dataset_pores_grid/464,intermediate,7,4,3.3636363636363633,10.0,0.1045,0.855
465,/home/fiorello/init_files_grid/465.dat,/scratch/fiorello/mesoEvo_install_seq/dataset_pores_grid/465,intermediate,7,4,3.3636363636363633,11.0,0.1045,0.9595
466,/home/fiorello/init_files_grid/466.dat,/scratch/fiorello/mesoEvo_install_seq/dataset_pores_grid/466,intermediate,7,4,3.3636363636363633,12.0,0.1045,1.064
467,/home/fiorello/init_files_grid/467.dat,/scratch/fiorello/mesoEvo_install_seq/dataset_pores_grid/467,intermediate,7,4,3.3636363636363633,13.0,0.1045,1.1685
468,/home/fiorello/init_files_grid/468.dat,/scratch/fiorello/mesoEvo_install_seq/dataset_pores_grid/468,intermediate,7,4,3.6363636363636362,8.0,0.1045,0.6459999999999999
469,/home/fiorello/init_files_grid/469.dat,/scratch/fiorello/mesoEvo_install_seq/dataset_pores_grid/469,intermediate,7,4,3.6363636363636362,9.0,0.1045,0.7505
470,/home/fiorello/init_files_grid/470.dat,/scratch/fiorello/mesoEvo_install_seq/dataset_pores_grid/470,intermediate,7,4,3.6363636363636362,10.0,0.1045,0.855
471,/home/fiorello/init_files_grid/471.dat,/scratch/fiorello/mesoEvo_install_seq/dataset_pores_grid/471,intermediate,7,4,3.6363636363636362,11.0,0.1045,0.9595
472,/home/fiorello/init_files_grid/472.dat,/scratch/fiorello/mesoEvo_install_seq/dataset_pores_grid/472,intermediate,7,4,3.6363636363636362,12.0,0.1045,1.064
473,/home/fiorello/init_files_grid/473.dat,/scratch/fiorello/mesoEvo_install_seq/dataset_pores_grid/473,intermediate,7,4,3.6363636363636362,13.0,0.1045,1.1685
474,/home/fiorello/init_files_grid/474.dat,/scratch/fiorello/mesoEvo_install_seq/dataset_pores_grid/474,intermediate,7,4,3.909090909090909,8.0,0.1045,0.6459999999999999
475,/home/fiorello/init_files_grid/475.dat,/scratch/fiorello/mesoEvo_install_seq/dataset_pores_grid/475,intermediate,7,4,3.909090909090909,9.0,0.1045,0.7505
476,/home/fiorello/init_files_grid/476.dat,/scratch/fiorello/mesoEvo_install_seq/dataset_pores_grid/476,intermediate,7,4,3.909090909090909,10.0,0.1045,0.855
477,/home/fiorello/init_files_grid/477.dat,/scratch/fiorello/mesoEvo_install_seq/dataset_pores_grid/477,intermediate,7,4,3.909090909090909,11.0,0.1045,0.9595
478,/home/fiorello/init_files_grid/478.dat,/scratch/fiorello/mesoEvo_install_seq/dataset_pores_grid/478,intermediate,7,4,3.909090909090909,12.0,0.1045,1.064
479,/home/fiorello/init_files_grid/479.dat,/scratch/fiorello/mesoEvo_install_seq/dataset_pores_grid/479,intermediate,7,4,3.909090909090909,13.0,0.1045,1.1685
480,/home/fiorello/init_files_grid/480.dat,/scratch/fiorello/mesoEvo_install_seq/dataset_pores_grid/480,intermediate,7,4,4.181818181818182,8.0,0.09895808,0.6016646400000001
481,/home/fiorello/init_files_grid/481.dat,/scratch/fiorello/mesoEvo_install_seq/dataset_pores_grid/481,intermediate,7,4,4.181818181818182,9.0,0.09895808,0.7006227200000001
482,/home/fiorello/init_files_grid/482.dat,/scratch/fiorello/mesoEvo_install_seq/dataset_pores_grid/482,intermediate,7,4,4.181818181818182,10.0,0.09895808,0.7995808
483,/home/fiorello/init_files_grid/483.dat,/scratch/fiorello/mesoEvo_install_seq/dataset_pores_grid/483,intermediate,7,4,4.181818181818182,11.0,0.09895808,0.89853888
484,/home/fiorello/init_files_grid/484.dat,/scratch/fiorello/mesoEvo_install_seq/dataset_pores_grid/484,intermediate,7,4,4.181818181818182,12.0,0.09895808,0.9974969600000001
485,/home/fiorello/init_files_grid/485.dat,/scratch/fiorello/mesoEvo_install_seq/dataset_pores_grid/485,intermediate,7,4,4.181818181818182,13.0,0.09895808,1.0964550400000002
486,/home/fiorello/init_files_grid/486.dat,/scratch/fiorello/mesoEvo_install_seq/dataset_pores_grid/486,intermediate,7,3,4.454545454545454,8.0,0.1045,0.6459999999999999
487,/home/fiorello/init_files_grid/487.dat,/scratch/fiorello/mesoEvo_install_seq/dataset_pores_grid/487,intermediate,7,3,4.454545454545454,9.0,0.1045,0.7505
488,/home/fiorello/init_files_grid/488.dat,/scratch/fiorello/mesoEvo_install_seq/dataset_pores_grid/488,intermediate,7,3,4.454545454545454,10.0,0.1045,0.855
489,/home/fiorello/init_files_grid/489.dat,/scratch/fiorello/mesoEvo_install_seq/dataset_pores_grid/489,intermediate,7,3,4.454545454545454,11.0,0.1045,0.9595
490,/home/fiorello/init_files_grid/490.dat,/scratch/fiorello/mesoEvo_install_seq/dataset_pores_grid/490,intermediate,7,3,4.454545454545454,12.0,0.1045,1.064
491,/home/fiorello/init_files_grid/491.dat,/scratch/fiorello/mesoEvo_install_seq/dataset_pores_grid/491,intermediate,7,3,4.454545454545454,13.0,0.1045,1.1685
492,/home/fiorello/init_files_grid/492.dat,/scratch/fiorello/mesoEvo_install_seq/dataset_pores_grid/492,intermediate,7,3,4.727272727272727,8.0,0.1045,0.6459999999999999
493,/home/fiorello/init_files_grid/493.dat,/scratch/fiorello/mesoEvo_install_seq/dataset_pores_grid/493,intermediate,7,3,4.727272727272727,9.0,0.1045,0.7505
494,/home/fiorello/init_files_grid/494.dat,/scratch/fiorello/mesoEvo_install_seq/dataset_pores_grid/494,intermediate,7,3,4.727272727272727,10.0,0.1045,0.855
495,/home/fiorello/init_files_grid/495.dat,/scratch/fiorello/mesoEvo_install_seq/dataset_pores_grid/495,intermediate,7,3,4.727272727272727,11.0,0.1045,0.9595
496,/home/fiorello/init_files_grid/496.dat,/scratch/fiorello/mesoEvo_install_seq/dataset_pores_grid/496,intermediate,7,3,4.727272727272727,12.0,0.1045,1.064
497,/home/fiorello/init_files_grid/497.dat,/scratch/fiorello/mesoEvo_install_seq/dataset_pores_grid/497,intermediate,7,3,4.727272727272727,13.0,0.1045,1.1685
498,/home/fiorello/init_files_grid/498.dat,/scratch/fiorello/mesoEvo_install_seq/dataset_pores_grid/498,intermediate,7,3,5.0,8.0,0.1045,0.6459999999999999
499,/home/fiorello/init_files_grid/499.dat,/scratch/fiorello/mesoEvo_install_seq/dataset_pores_grid/499,intermediate,7,3,5.0,9.0,0.1045,0.7505
500,/home/fiorello/init_files_grid/500.dat,/scratch/fiorello/mesoEvo_install_seq/dataset_pores_grid/500,intermediate,7,3,5.0,10.0,0.1045,0.855
501,/home/fiorello/init_files_grid/501.dat,/scratch/fiorello/mesoEvo_install_seq/dataset_pores_grid/501,intermediate,7,3,5.0,11.0,0.1045,0.9595
502,/home/fiorello/init_files_grid/502.dat,/scratch/fiorello/mesoEvo_install_seq/dataset_pores_grid/502,intermediate,7,3,5.0,12.0,0.1045,1.064
503,/home/fiorello/init_files_grid/503.dat,/scratch/fiorello/mesoEvo_install_seq/dataset_pores_grid/503,intermediate,7,3,5.0,13.0,0.1045,1.1685
